{
    "0": [
        {
            "start": "/c/en/0/n",
            "end": "/c/en/1",
            "rel": "Antonym",
            "weight": 1.0,
            "surface_text": ""
        },
        {
            "start": "/c/en/0",
            "end": "/c/en/empty_set",
            "rel": "DefinedAs",
            "weight": 1.0,
            "surface_text": "[[0]] is the [[empty set]]."
        },
        {
            "start": "/c/en/0",
            "end": "/c/en/first_limit_ordinal",
            "rel": "DefinedAs",
            "weight": 1.0,
            "surface_text": "[[0]] is the [[first limit ordinal]]."
        },
        {
            "start": "/c/en/0",
            "end": "/c/en/number_zero",
            "rel": "DefinedAs",
            "weight": 1.0,
            "surface_text": "[[0]] is the [[number zero]]."
        },
        {
            "start": "/c/en/0",
            "end": "/c/en/internet_slang",
            "rel": "HasContext",
            "weight": 1.0,
            "surface_text": ""
        },
        {
            "start": "/c/en/0/n",
            "end": "/c/en/electrical_engineering",
            "rel": "HasContext",
            "weight": 1.0,
            "surface_text": ""
        },
        {
            "start": "/c/en/0",
            "end": "/c/en/pronounced_zero",
            "rel": "HasProperty",
            "weight": 1.0,
            "surface_text": "[[\"0\"]] is [[pronounced zero]]"
        },
        {
            "start": "/c/en/0",
            "end": "/c/en/set_containing_one_element",
            "rel": "IsA",
            "weight": 1.0,
            "surface_text": "[[{0}]] is a type of [[set containing one element]]."
        },
        {
            "start": "/c/en/0/a/wn",
            "end": "/c/en/cardinal/a/wn",
            "rel": "SimilarTo",
            "weight": 2.0,
            "surface_text": "[[0]] is similar to [[cardinal]]"
        },
        {
            "start": "/c/en/0/n/wn/quantity",
            "end": "/c/en/zero/n/wn/quantity",
            "rel": "Synonym",
            "weight": 2.0,
            "surface_text": "[[0]] is a synonym of [[zero]]"
        }
    ],
    "00t_shirts": [
        {
            "start": "/c/en/00t_shirts",
            "end": "/c/en/drawer",
            "rel": "AtLocation",
            "weight": 1.0,
            "surface_text": "*Something you find in [[a drawer]] is [[00t-shirts]]"
        }
    ],
    "0_degrees_celcius": [
        {
            "start": "/c/en/0_degrees_celcius",
            "end": "/c/en/point_at_which_water_freezes",
            "rel": "DefinedAs",
            "weight": 1.0,
            "surface_text": "[[0 degrees celcius]] is the [[point at which water freezes]]"
        },
        {
            "start": "/c/en/0_degrees_celcius",
            "end": "/c/en/temperature_at_which_water_freezes",
            "rel": "DefinedAs",
            "weight": 1.0,
            "surface_text": "[[0 degrees Celcius]] is the [[temperature at which water freezes]]"
        }
    ],
    "0_100": [
        {
            "start": "/c/en/0_100",
            "end": "/c/en/0",
            "rel": "DerivedFrom",
            "weight": 1.0,
            "surface_text": ""
        },
        {
            "start": "/c/en/0_100",
            "end": "/c/en/100",
            "rel": "DerivedFrom",
            "weight": 1.0,
            "surface_text": ""
        },
        {
            "start": "/c/en/0_100/n",
            "end": "/c/en/australia",
            "rel": "HasContext",
            "weight": 1.0,
            "surface_text": ""
        },
        {
            "start": "/c/en/0_100/n",
            "end": "/c/en/automotive",
            "rel": "HasContext",
            "weight": 1.0,
            "surface_text": ""
        },
        {
            "start": "/c/en/0_100/n",
            "end": "/c/en/us",
            "rel": "HasContext",
            "weight": 1.0,
            "surface_text": ""
        },
        {
            "start": "/c/en/0_100/n",
            "end": "/c/en/0_60",
            "rel": "Synonym",
            "weight": 1.0,
            "surface_text": ""
        }
    ],
    "0_60": [
        {
            "start": "/c/en/0_60",
            "end": "/c/en/0",
            "rel": "DerivedFrom",
            "weight": 1.0,
            "surface_text": ""
        },
        {
            "start": "/c/en/0_60",
            "end": "/c/en/60",
            "rel": "DerivedFrom",
            "weight": 1.0,
            "surface_text": ""
        },
        {
            "start": "/c/en/0_60/n",
            "end": "/c/en/automotive",
            "rel": "HasContext",
            "weight": 1.0,
            "surface_text": ""
        },
        {
            "start": "/c/en/0_60/n",
            "end": "/c/en/0_60_0",
            "rel": "SimilarTo",
            "weight": 1.0,
            "surface_text": ""
        },
        {
            "start": "/c/en/0_60/n",
            "end": "/c/en/60_0",
            "rel": "SimilarTo",
            "weight": 1.0,
            "surface_text": ""
        }
    ],
    "0_60_0": [
        {
            "start": "/c/en/0_60_0",
            "end": "/c/en/0_60",
            "rel": "DerivedFrom",
            "weight": 1.0,
            "surface_text": ""
        },
        {
            "start": "/c/en/0_60_0",
            "end": "/c/en/60_0",
            "rel": "DerivedFrom",
            "weight": 1.0,
            "surface_text": ""
        },
        {
            "start": "/c/en/0_60_0/n",
            "end": "/c/en/automotive",
            "rel": "HasContext",
            "weight": 1.0,
            "surface_text": ""
        },
        {
            "start": "/c/en/0_60_0/n",
            "end": "/c/en/0_60",
            "rel": "SimilarTo",
            "weight": 1.0,
            "surface_text": ""
        },
        {
            "start": "/c/en/0_60_0/n",
            "end": "/c/en/60_0",
            "rel": "SimilarTo",
            "weight": 1.0,
            "surface_text": ""
        }
    ],
    "0th": [
        {
            "start": "/c/en/0th",
            "end": "/c/en/0/n",
            "rel": "DerivedFrom",
            "weight": 1.0,
            "surface_text": ""
        }
    ],
    "007s": [
        {
            "start": "/c/en/007s/n",
            "end": "/c/en/007",
            "rel": "FormOf",
            "weight": 1.0,
            "surface_text": ""
        }
    ],
    "00_s": [
        {
            "start": "/c/en/00_s/n",
            "end": "/c/en/00s",
            "rel": "FormOf",
            "weight": 1.0,
            "surface_text": ""
        }
    ],
    "0800_numbers": [
        {
            "start": "/c/en/0800_numbers/n",
            "end": "/c/en/0800_number",
            "rel": "FormOf",
            "weight": 1.0,
            "surface_text": ""
        }
    ],
    "0_10_0s": [
        {
            "start": "/c/en/0_10_0s/n",
            "end": "/c/en/0_10_0",
            "rel": "FormOf",
            "weight": 1.0,
            "surface_text": ""
        }
    ],
    "0_10_2s": [
        {
            "start": "/c/en/0_10_2s/n",
            "end": "/c/en/0_10_2",
            "rel": "FormOf",
            "weight": 1.0,
            "surface_text": ""
        }
    ],
    "0_12_0s": [
        {
            "start": "/c/en/0_12_0s/n",
            "end": "/c/en/0_12_0",
            "rel": "FormOf",
            "weight": 1.0,
            "surface_text": ""
        }
    ],
    "0_2_2s": [
        {
            "start": "/c/en/0_2_2s/n",
            "end": "/c/en/0_2_2",
            "rel": "FormOf",
            "weight": 1.0,
            "surface_text": ""
        }
    ],
    "0_4_0_0_4_0s": [
        {
            "start": "/c/en/0_4_0_0_4_0s/n",
            "end": "/c/en/0_4_0_0_4_0",
            "rel": "FormOf",
            "weight": 1.0,
            "surface_text": ""
        }
    ],
    "0_4_0s": [
        {
            "start": "/c/en/0_4_0s/n",
            "end": "/c/en/0_4_0",
            "rel": "FormOf",
            "weight": 1.0,
            "surface_text": ""
        }
    ],
    "0_4_2s": [
        {
            "start": "/c/en/0_4_2s/n",
            "end": "/c/en/0_4_2",
            "rel": "FormOf",
            "weight": 1.0,
            "surface_text": ""
        }
    ],
    "0_4_4_0s": [
        {
            "start": "/c/en/0_4_4_0s/n",
            "end": "/c/en/0_4_4_0",
            "rel": "FormOf",
            "weight": 1.0,
            "surface_text": ""
        }
    ],
    "0_4_4_2s": [
        {
            "start": "/c/en/0_4_4_2s/n",
            "end": "/c/en/0_4_4_2",
            "rel": "FormOf",
            "weight": 1.0,
            "surface_text": ""
        }
    ],
    "0_4_4s": [
        {
            "start": "/c/en/0_4_4s/n",
            "end": "/c/en/0_4_4",
            "rel": "FormOf",
            "weight": 1.0,
            "surface_text": ""
        }
    ],
    "0_6_0s": [
        {
            "start": "/c/en/0_6_0s/n",
            "end": "/c/en/0_6_0",
            "rel": "FormOf",
            "weight": 1.0,
            "surface_text": ""
        }
    ],
    "0_6_2s": [
        {
            "start": "/c/en/0_6_2s/n",
            "end": "/c/en/0_6_2",
            "rel": "FormOf",
            "weight": 1.0,
            "surface_text": ""
        }
    ],
    "0_6_4s": [
        {
            "start": "/c/en/0_6_4s/n",
            "end": "/c/en/0_6_4",
            "rel": "FormOf",
            "weight": 1.0,
            "surface_text": ""
        }
    ],
    "0_6_6_0s": [
        {
            "start": "/c/en/0_6_6_0s/n",
            "end": "/c/en/0_6_6_0",
            "rel": "FormOf",
            "weight": 1.0,
            "surface_text": ""
        }
    ],
    "0_8_0s": [
        {
            "start": "/c/en/0_8_0s/n",
            "end": "/c/en/0_8_0",
            "rel": "FormOf",
            "weight": 1.0,
            "surface_text": ""
        }
    ],
    "0_8_2s": [
        {
            "start": "/c/en/0_8_2s/n",
            "end": "/c/en/0_8_2",
            "rel": "FormOf",
            "weight": 1.0,
            "surface_text": ""
        }
    ],
    "0_8_4s": [
        {
            "start": "/c/en/0_8_4s/n",
            "end": "/c/en/0_8_4",
            "rel": "FormOf",
            "weight": 1.0,
            "surface_text": ""
        }
    ],
    "0_8_8_0s": [
        {
            "start": "/c/en/0_8_8_0s/n",
            "end": "/c/en/0_8_8_0",
            "rel": "FormOf",
            "weight": 1.0,
            "surface_text": ""
        }
    ],
    "0_day": [
        {
            "start": "/c/en/0_day/a",
            "end": "/c/en/zero_day",
            "rel": "FormOf",
            "weight": 1.0,
            "surface_text": ""
        },
        {
            "start": "/c/en/0_day/n",
            "end": "/c/en/zero_day",
            "rel": "FormOf",
            "weight": 1.0,
            "surface_text": ""
        },
        {
            "start": "/c/en/0_day/a",
            "end": "/c/en/computing",
            "rel": "HasContext",
            "weight": 1.0,
            "surface_text": ""
        },
        {
            "start": "/c/en/0_day/n",
            "end": "/c/en/computing",
            "rel": "HasContext",
            "weight": 1.0,
            "surface_text": ""
        }
    ],
    "0_days": [
        {
            "start": "/c/en/0_days/n",
            "end": "/c/en/0_day",
            "rel": "FormOf",
            "weight": 1.0,
            "surface_text": ""
        }
    ],
    "0s": [
        {
            "start": "/c/en/0s/n",
            "end": "/c/en/0",
            "rel": "FormOf",
            "weight": 1.0,
            "surface_text": ""
        }
    ],
    "0tlps": [
        {
            "start": "/c/en/0tlps/n",
            "end": "/c/en/0tlp",
            "rel": "FormOf",
            "weight": 1.0,
            "surface_text": ""
        }
    ],
    "0800_number": [
        {
            "start": "/c/en/0800_number/n",
            "end": "/c/en/nz",
            "rel": "HasContext",
            "weight": 1.0,
            "surface_text": ""
        },
        {
            "start": "/c/en/0800_number/n",
            "end": "/c/en/uk",
            "rel": "HasContext",
            "weight": 1.0,
            "surface_text": ""
        }
    ],
    "0_0": [
        {
            "start": "/c/en/0_0/a",
            "end": "/c/en/aviation",
            "rel": "HasContext",
            "weight": 1.0,
            "surface_text": ""
        }
    ],
    "0_dark_hundred": [
        {
            "start": "/c/en/0_dark_hundred/n",
            "end": "/c/en/military_slang",
            "rel": "HasContext",
            "weight": 1.0,
            "surface_text": ""
        },
        {
            "start": "/c/en/0_dark_hundred/n",
            "end": "/c/en/us",
            "rel": "HasContext",
            "weight": 1.0,
            "surface_text": ""
        }
    ],
    "0_dark_thirty": [
        {
            "start": "/c/en/0_dark_thirty/n",
            "end": "/c/en/military_slang",
            "rel": "HasContext",
            "weight": 1.0,
            "surface_text": ""
        },
        {
            "start": "/c/en/0_dark_thirty/n",
            "end": "/c/en/us",
            "rel": "HasContext",
            "weight": 1.0,
            "surface_text": ""
        }
    ],
    "0r": [
        {
            "start": "/c/en/0r",
            "end": "/c/en/internet_slang",
            "rel": "HasContext",
            "weight": 1.0,
            "surface_text": ""
        },
        {
            "start": "/c/en/0r",
            "end": "/c/en/leet",
            "rel": "HasContext",
            "weight": 1.0,
            "surface_text": ""
        },
        {
            "start": "/c/en/0r",
            "end": "/c/en/nonstandard",
            "rel": "HasContext",
            "weight": 1.0,
            "surface_text": ""
        }
    ],
    "0_80_screws": [
        {
            "start": "/c/en/0_80_screws",
            "end": "/c/en/very_small",
            "rel": "HasProperty",
            "weight": 1.0,
            "surface_text": "[[0-80 screws]] are [[very small]]"
        }
    ],
    "0_degress_farenheit": [
        {
            "start": "/c/en/0_degress_farenheit",
            "end": "/c/en/very_cold",
            "rel": "HasProperty",
            "weight": 1.0,
            "surface_text": "[[0 degress farenheit]] is [[very cold]]"
        }
    ],
    "0.22_inch_calibre": [
        {
            "start": "/c/en/0.22_inch_calibre",
            "end": "/c/en/5.6_millimetres",
            "rel": "IsA",
            "weight": 1.0,
            "surface_text": "[[0.22 inch calibre]] is [[5.6 millimetres]]"
        }
    ],
    "0_10_0": [
        {
            "start": "/c/en/0_10_0/n",
            "end": "/c/en/decapod",
            "rel": "IsA",
            "weight": 1.0,
            "surface_text": ""
        }
    ],
    "0_4_0_0_4_0": [
        {
            "start": "/c/en/0_4_0_0_4_0",
            "end": "/c/en/garratt/n",
            "rel": "IsA",
            "weight": 1.0,
            "surface_text": ""
        },
        {
            "start": "/c/en/0_4_0_0_4_0/n",
            "end": "/c/en/garratt",
            "rel": "IsA",
            "weight": 1.0,
            "surface_text": ""
        }
    ],
    "007": [
        {
            "start": "/c/en/007/n",
            "end": "/c/en/james_bond",
            "rel": "Synonym",
            "weight": 1.0,
            "surface_text": ""
        }
    ],
    "0_10_2": [
        {
            "start": "/c/en/0_10_2/n",
            "end": "/c/en/union",
            "rel": "Synonym",
            "weight": 1.0,
            "surface_text": ""
        }
    ],
    "0_2_2": [
        {
            "start": "/c/en/0_2_2/n",
            "end": "/c/en/a1",
            "rel": "Synonym",
            "weight": 1.0,
            "surface_text": ""
        }
    ]
}