{
    "24_hour_clock": [
        {
            "start": "/c/en/24_hour_clock/n",
            "end": "/c/en/12_hour_clock",
            "rel": "Antonym",
            "weight": 1.0,
            "surface_text": ""
        },
        {
            "start": "/c/en/24_hour_clock/n",
            "end": "/c/en/military_time",
            "rel": "Synonym",
            "weight": 1.0,
            "surface_text": ""
        }
    ],
    "2_pencil": [
        {
            "start": "/c/en/2_pencil",
            "end": "/c/en/school",
            "rel": "AtLocation",
            "weight": 2.828,
            "surface_text": "*Something you find at [[school]] is [[a #2 pencil]]"
        }
    ],
    "2.54_pounds": [
        {
            "start": "/c/en/2.54_pounds",
            "end": "/c/en/equal_kilo",
            "rel": "CapableOf",
            "weight": 1.0,
            "surface_text": "[[2.54 pounds]] can [[equal a kilo]]"
        }
    ],
    "2_year_old": [
        {
            "start": "/c/en/2_year_old",
            "end": "/c/en/voice_disapproval_very_loudly",
            "rel": "CapableOf",
            "weight": 1.0,
            "surface_text": "[[The 2 year old]] can [[voice his disapproval very loudly]]"
        }
    ],
    "2.00": [
        {
            "start": "/c/en/2.00",
            "end": "/c/en/buy_small",
            "rel": "CausesDesire",
            "weight": 1.0,
            "surface_text": "[[$2.00]] would make you want to [[buy something small]]"
        }
    ],
    "240_worth_of_pudding": [
        {
            "start": "/c/en/240_worth_of_pudding",
            "end": "/c/en/wrestle",
            "rel": "CausesDesire",
            "weight": 1.0,
            "surface_text": "[[$240 worth of pudding]] would make you want to [[wrestle]]"
        }
    ],
    "20_hertz": [
        {
            "start": "/c/en/20_hertz",
            "end": "/c/en/lower_threshold_for_audibility",
            "rel": "DefinedAs",
            "weight": 1.0,
            "surface_text": "[[20 hertz]] is the [[lower threshold for audibility]]"
        }
    ],
    "2,2,2_trifluoroethyl_vinyl": [
        {
            "start": "/c/en/2,2,2_trifluoroethyl_vinyl",
            "end": "/c/en/vinyl/n",
            "rel": "DerivedFrom",
            "weight": 1.0,
            "surface_text": ""
        }
    ],
    "20_°_calorie": [
        {
            "start": "/c/en/20_°_calorie",
            "end": "/c/en/calorie/n",
            "rel": "DerivedFrom",
            "weight": 1.0,
            "surface_text": ""
        }
    ],
    "24_cell": [
        {
            "start": "/c/en/24_cell",
            "end": "/c/en/24",
            "rel": "DerivedFrom",
            "weight": 1.0,
            "surface_text": ""
        },
        {
            "start": "/c/en/24_cell",
            "end": "/c/en/cell",
            "rel": "DerivedFrom",
            "weight": 1.0,
            "surface_text": ""
        },
        {
            "start": "/c/en/24_cell/n",
            "end": "/c/en/geometry",
            "rel": "HasContext",
            "weight": 1.0,
            "surface_text": ""
        },
        {
            "start": "/c/en/24_cell/n",
            "end": "/c/en/hyper_diamond",
            "rel": "Synonym",
            "weight": 1.0,
            "surface_text": ""
        }
    ],
    "24mo": [
        {
            "start": "/c/en/24mo",
            "end": "/c/en/24",
            "rel": "DerivedFrom",
            "weight": 1.0,
            "surface_text": ""
        },
        {
            "start": "/c/en/24mo/n",
            "end": "/c/en/paper",
            "rel": "HasContext",
            "weight": 1.0,
            "surface_text": ""
        },
        {
            "start": "/c/en/24mo/n",
            "end": "/c/en/printing",
            "rel": "HasContext",
            "weight": 1.0,
            "surface_text": ""
        },
        {
            "start": "/c/en/24mo/n",
            "end": "/c/en/t",
            "rel": "Synonym",
            "weight": 1.0,
            "surface_text": ""
        }
    ],
    "2_bromobutyric_acid": [
        {
            "start": "/c/en/2_bromobutyric_acid",
            "end": "/c/en/bromo",
            "rel": "DerivedFrom",
            "weight": 1.0,
            "surface_text": ""
        }
    ],
    "2_chloroethylvinyl_ether": [
        {
            "start": "/c/en/2_chloroethylvinyl_ether",
            "end": "/c/en/chloro",
            "rel": "DerivedFrom",
            "weight": 1.0,
            "surface_text": ""
        },
        {
            "start": "/c/en/2_chloroethylvinyl_ether",
            "end": "/c/en/vinyl/n",
            "rel": "DerivedFrom",
            "weight": 1.0,
            "surface_text": ""
        }
    ],
    "2_chloropropane": [
        {
            "start": "/c/en/2_chloropropane",
            "end": "/c/en/chloropropane/n",
            "rel": "DerivedFrom",
            "weight": 1.0,
            "surface_text": ""
        },
        {
            "start": "/c/en/2_chloropropane",
            "end": "/c/en/chloropropane/n",
            "rel": "IsA",
            "weight": 1.0,
            "surface_text": ""
        }
    ],
    "2_joh": [
        {
            "start": "/c/en/2_joh",
            "end": "/c/en/joh/n",
            "rel": "DerivedFrom",
            "weight": 1.0,
            "surface_text": ""
        },
        {
            "start": "/c/en/2_joh/n",
            "end": "/c/en/biblical",
            "rel": "HasContext",
            "weight": 1.0,
            "surface_text": ""
        }
    ],
    "2_norm": [
        {
            "start": "/c/en/2_norm",
            "end": "/c/en/norm/n/wikt/en_1",
            "rel": "DerivedFrom",
            "weight": 1.0,
            "surface_text": ""
        }
    ],
    "2_up": [
        {
            "start": "/c/en/2_up",
            "end": "/c/en/1_up/n",
            "rel": "DerivedFrom",
            "weight": 1.0,
            "surface_text": ""
        },
        {
            "start": "/c/en/2_up/a",
            "end": "/c/en/two_up",
            "rel": "FormOf",
            "weight": 1.0,
            "surface_text": ""
        },
        {
            "start": "/c/en/2_up/a",
            "end": "/c/en/printing",
            "rel": "HasContext",
            "weight": 1.0,
            "surface_text": ""
        },
        {
            "start": "/c/en/2_up/n",
            "end": "/c/en/video_games",
            "rel": "HasContext",
            "weight": 1.0,
            "surface_text": ""
        }
    ],
    "2": [
        {
            "start": "/c/en/2",
            "end": "/c/en/to",
            "rel": "FormOf",
            "weight": 1.0,
            "surface_text": ""
        },
        {
            "start": "/c/en/2",
            "end": "/c/en/computing",
            "rel": "HasContext",
            "weight": 1.0,
            "surface_text": ""
        },
        {
            "start": "/c/en/2",
            "end": "/c/en/text_messaging",
            "rel": "HasContext",
            "weight": 1.0,
            "surface_text": ""
        },
        {
            "start": "/c/en/2/n",
            "end": "/c/en/historical",
            "rel": "HasContext",
            "weight": 1.0,
            "surface_text": ""
        },
        {
            "start": "/c/en/2/n",
            "end": "/c/en/military",
            "rel": "HasContext",
            "weight": 1.0,
            "surface_text": ""
        },
        {
            "start": "/c/en/2/n",
            "end": "/c/en/military_ranks",
            "rel": "HasContext",
            "weight": 1.0,
            "surface_text": ""
        },
        {
            "start": "/c/en/2/n",
            "end": "/c/en/us",
            "rel": "HasContext",
            "weight": 1.0,
            "surface_text": ""
        },
        {
            "start": "/c/en/2/r",
            "end": "/c/en/text_messaging",
            "rel": "HasContext",
            "weight": 1.0,
            "surface_text": ""
        },
        {
            "start": "/c/en/2",
            "end": "/c/en/spelled_two",
            "rel": "HasProperty",
            "weight": 1.0,
            "surface_text": "[[\"2\"]] is [[spelled two]]"
        },
        {
            "start": "/c/en/2",
            "end": "/c/en/two",
            "rel": "HasProperty",
            "weight": 1.0,
            "surface_text": "[[2]] is [[two]]"
        },
        {
            "start": "/c/en/2",
            "end": "/c/en/higher_number_than_1",
            "rel": "IsA",
            "weight": 1.0,
            "surface_text": "[[2]] is [[a higher number than 1]]"
        },
        {
            "start": "/c/en/2",
            "end": "/c/en/number",
            "rel": "IsA",
            "weight": 1.0,
            "surface_text": "[[2]] is [[a number]]"
        },
        {
            "start": "/c/en/2",
            "end": "/c/en/prime_number",
            "rel": "IsA",
            "weight": 1.0,
            "surface_text": "[[2]] is [[a prime number]]"
        },
        {
            "start": "/c/en/2/n",
            "end": "/c/en/inorganic_substance/n",
            "rel": "IsA",
            "weight": 1.0,
            "surface_text": ""
        },
        {
            "start": "/c/en/2/a/wn",
            "end": "/c/en/cardinal/a/wn",
            "rel": "SimilarTo",
            "weight": 2.0,
            "surface_text": "[[2]] is similar to [[cardinal]]"
        },
        {
            "start": "/c/en/2/a",
            "end": "/c/en/two",
            "rel": "Synonym",
            "weight": 1.0,
            "surface_text": ""
        },
        {
            "start": "/c/en/2/n",
            "end": "/c/en/two",
            "rel": "Synonym",
            "weight": 1.0,
            "surface_text": ""
        },
        {
            "start": "/c/en/2/n/wn/quantity",
            "end": "/c/en/two/n/wn/quantity",
            "rel": "Synonym",
            "weight": 2.0,
            "surface_text": "[[2]] is a synonym of [[two]]"
        }
    ],
    "20_s": [
        {
            "start": "/c/en/20_s/n",
            "end": "/c/en/20s",
            "rel": "FormOf",
            "weight": 1.0,
            "surface_text": ""
        }
    ],
    "21700s": [
        {
            "start": "/c/en/21700s/n",
            "end": "/c/en/21700",
            "rel": "FormOf",
            "weight": 1.0,
            "surface_text": ""
        }
    ],
    "2170s": [
        {
            "start": "/c/en/2170s/n",
            "end": "/c/en/2170",
            "rel": "FormOf",
            "weight": 1.0,
            "surface_text": ""
        }
    ],
    "22s": [
        {
            "start": "/c/en/22s/n",
            "end": "/c/en/22",
            "rel": "FormOf",
            "weight": 2.0,
            "surface_text": ""
        }
    ],
    "24_cells": [
        {
            "start": "/c/en/24_cells/n",
            "end": "/c/en/24_cell",
            "rel": "FormOf",
            "weight": 1.0,
            "surface_text": ""
        }
    ],
    "26.2s": [
        {
            "start": "/c/en/26.2s/n",
            "end": "/c/en/26.2",
            "rel": "FormOf",
            "weight": 1.0,
            "surface_text": ""
        }
    ],
    "29er": [
        {
            "start": "/c/en/29er/n",
            "end": "/c/en/twenty_niner",
            "rel": "FormOf",
            "weight": 1.0,
            "surface_text": ""
        }
    ],
    "29ers": [
        {
            "start": "/c/en/29ers/n",
            "end": "/c/en/29er",
            "rel": "FormOf",
            "weight": 1.0,
            "surface_text": ""
        }
    ],
    "2_10_0s": [
        {
            "start": "/c/en/2_10_0s/n",
            "end": "/c/en/2_10_0",
            "rel": "FormOf",
            "weight": 1.0,
            "surface_text": ""
        }
    ],
    "2_10_10_2s": [
        {
            "start": "/c/en/2_10_10_2s/n",
            "end": "/c/en/2_10_10_2",
            "rel": "FormOf",
            "weight": 1.0,
            "surface_text": ""
        }
    ],
    "2_10_2s": [
        {
            "start": "/c/en/2_10_2s/n",
            "end": "/c/en/2_10_2",
            "rel": "FormOf",
            "weight": 1.0,
            "surface_text": ""
        }
    ],
    "2_10_4s": [
        {
            "start": "/c/en/2_10_4s/n",
            "end": "/c/en/2_10_4",
            "rel": "FormOf",
            "weight": 1.0,
            "surface_text": ""
        }
    ],
    "2_12_0s": [
        {
            "start": "/c/en/2_12_0s/n",
            "end": "/c/en/2_12_0",
            "rel": "FormOf",
            "weight": 1.0,
            "surface_text": ""
        }
    ],
    "2_12_2s": [
        {
            "start": "/c/en/2_12_2s/n",
            "end": "/c/en/2_12_2",
            "rel": "FormOf",
            "weight": 1.0,
            "surface_text": ""
        }
    ],
    "2_12_4s": [
        {
            "start": "/c/en/2_12_4s/n",
            "end": "/c/en/2_12_4",
            "rel": "FormOf",
            "weight": 1.0,
            "surface_text": ""
        }
    ],
    "2_1_roads": [
        {
            "start": "/c/en/2_1_roads/n",
            "end": "/c/en/2_1_road",
            "rel": "FormOf",
            "weight": 1.0,
            "surface_text": ""
        }
    ],
    "2_2_0s": [
        {
            "start": "/c/en/2_2_0s/n",
            "end": "/c/en/2_2_0",
            "rel": "FormOf",
            "weight": 1.0,
            "surface_text": ""
        }
    ],
    "2_2_2s": [
        {
            "start": "/c/en/2_2_2s/n",
            "end": "/c/en/2_2_2",
            "rel": "FormOf",
            "weight": 1.0,
            "surface_text": ""
        }
    ],
    "2_2_4s": [
        {
            "start": "/c/en/2_2_4s/n",
            "end": "/c/en/2_2_4",
            "rel": "FormOf",
            "weight": 1.0,
            "surface_text": ""
        }
    ],
    "2_4_0s": [
        {
            "start": "/c/en/2_4_0s/n",
            "end": "/c/en/2_4_0",
            "rel": "FormOf",
            "weight": 1.0,
            "surface_text": ""
        }
    ],
    "2_4_2s": [
        {
            "start": "/c/en/2_4_2s/n",
            "end": "/c/en/2_4_2",
            "rel": "FormOf",
            "weight": 1.0,
            "surface_text": ""
        }
    ],
    "2_4_4_2s": [
        {
            "start": "/c/en/2_4_4_2s/n",
            "end": "/c/en/2_4_4_2",
            "rel": "FormOf",
            "weight": 1.0,
            "surface_text": ""
        }
    ],
    "2_4_4s": [
        {
            "start": "/c/en/2_4_4s/n",
            "end": "/c/en/2_4_4",
            "rel": "FormOf",
            "weight": 1.0,
            "surface_text": ""
        }
    ],
    "2_4_6_blocks": [
        {
            "start": "/c/en/2_4_6_blocks/n",
            "end": "/c/en/2_4_6_block",
            "rel": "FormOf",
            "weight": 1.0,
            "surface_text": ""
        }
    ],
    "2_6_0_0_6_2s": [
        {
            "start": "/c/en/2_6_0_0_6_2s/n",
            "end": "/c/en/2_6_0_0_6_2",
            "rel": "FormOf",
            "weight": 1.0,
            "surface_text": ""
        }
    ],
    "2_6_0s": [
        {
            "start": "/c/en/2_6_0s/n",
            "end": "/c/en/2_6_0",
            "rel": "FormOf",
            "weight": 1.0,
            "surface_text": ""
        }
    ],
    "2_6_2s": [
        {
            "start": "/c/en/2_6_2s/n",
            "end": "/c/en/2_6_2",
            "rel": "FormOf",
            "weight": 1.0,
            "surface_text": ""
        }
    ],
    "2_6_4s": [
        {
            "start": "/c/en/2_6_4s/n",
            "end": "/c/en/2_6_4",
            "rel": "FormOf",
            "weight": 1.0,
            "surface_text": ""
        }
    ],
    "2_6_6_0s": [
        {
            "start": "/c/en/2_6_6_0s/n",
            "end": "/c/en/2_6_6_0",
            "rel": "FormOf",
            "weight": 1.0,
            "surface_text": ""
        }
    ],
    "2_6_6_2s": [
        {
            "start": "/c/en/2_6_6_2s/n",
            "end": "/c/en/2_6_6_2",
            "rel": "FormOf",
            "weight": 1.0,
            "surface_text": ""
        }
    ],
    "2_6_6_4s": [
        {
            "start": "/c/en/2_6_6_4s/n",
            "end": "/c/en/2_6_6_4",
            "rel": "FormOf",
            "weight": 1.0,
            "surface_text": ""
        }
    ],
    "2_6_6_6s": [
        {
            "start": "/c/en/2_6_6_6s/n",
            "end": "/c/en/2_6_6_6",
            "rel": "FormOf",
            "weight": 1.0,
            "surface_text": ""
        }
    ],
    "2_6_6s": [
        {
            "start": "/c/en/2_6_6s/n",
            "end": "/c/en/2_6_6",
            "rel": "FormOf",
            "weight": 1.0,
            "surface_text": ""
        }
    ],
    "2_6_8_0s": [
        {
            "start": "/c/en/2_6_8_0s/n",
            "end": "/c/en/2_6_8_0",
            "rel": "FormOf",
            "weight": 1.0,
            "surface_text": ""
        }
    ],
    "2_8_0_0_8_2s": [
        {
            "start": "/c/en/2_8_0_0_8_2s/n",
            "end": "/c/en/2_8_0_0_8_2",
            "rel": "FormOf",
            "weight": 1.0,
            "surface_text": ""
        }
    ],
    "2_8_0s": [
        {
            "start": "/c/en/2_8_0s/n",
            "end": "/c/en/2_8_0",
            "rel": "FormOf",
            "weight": 1.0,
            "surface_text": ""
        }
    ],
    "2_8_2s": [
        {
            "start": "/c/en/2_8_2s/n",
            "end": "/c/en/2_8_2",
            "rel": "FormOf",
            "weight": 1.0,
            "surface_text": ""
        }
    ],
    "2_8_4s": [
        {
            "start": "/c/en/2_8_4s/n",
            "end": "/c/en/2_8_4",
            "rel": "FormOf",
            "weight": 1.0,
            "surface_text": ""
        }
    ],
    "2_8_6s": [
        {
            "start": "/c/en/2_8_6s/n",
            "end": "/c/en/2_8_6",
            "rel": "FormOf",
            "weight": 1.0,
            "surface_text": ""
        }
    ],
    "2_8_8_0s": [
        {
            "start": "/c/en/2_8_8_0s/n",
            "end": "/c/en/2_8_8_0",
            "rel": "FormOf",
            "weight": 1.0,
            "surface_text": ""
        }
    ],
    "2_8_8_2s": [
        {
            "start": "/c/en/2_8_8_2s/n",
            "end": "/c/en/2_8_8_2",
            "rel": "FormOf",
            "weight": 1.0,
            "surface_text": ""
        }
    ],
    "2_8_8_4s": [
        {
            "start": "/c/en/2_8_8_4s/n",
            "end": "/c/en/2_8_8_4",
            "rel": "FormOf",
            "weight": 1.0,
            "surface_text": ""
        }
    ],
    "2_8_8_8_2s": [
        {
            "start": "/c/en/2_8_8_8_2s/n",
            "end": "/c/en/2_8_8_8_2",
            "rel": "FormOf",
            "weight": 1.0,
            "surface_text": ""
        }
    ],
    "2_8_8_8_4s": [
        {
            "start": "/c/en/2_8_8_8_4s/n",
            "end": "/c/en/2_8_8_8_4",
            "rel": "FormOf",
            "weight": 1.0,
            "surface_text": ""
        }
    ],
    "2_dimensional": [
        {
            "start": "/c/en/2_dimensional/a",
            "end": "/c/en/two_dimensional",
            "rel": "FormOf",
            "weight": 1.0,
            "surface_text": ""
        },
        {
            "start": "/c/en/2_dimensional/a/wn",
            "end": "/c/en/multidimensional/a/wn",
            "rel": "SimilarTo",
            "weight": 2.0,
            "surface_text": "[[2-dimensional]] is similar to [[multidimensional]]"
        }
    ],
    "2_in_1s": [
        {
            "start": "/c/en/2_in_1s/n",
            "end": "/c/en/2_in_1",
            "rel": "FormOf",
            "weight": 1.0,
            "surface_text": ""
        }
    ],
    "2_methylpropanes": [
        {
            "start": "/c/en/2_methylpropanes/n",
            "end": "/c/en/2_methylpropane",
            "rel": "FormOf",
            "weight": 1.0,
            "surface_text": ""
        }
    ],
    "2gls": [
        {
            "start": "/c/en/2gls/n",
            "end": "/c/en/2gl",
            "rel": "FormOf",
            "weight": 1.0,
            "surface_text": ""
        }
    ],
    "2ls": [
        {
            "start": "/c/en/2ls/n",
            "end": "/c/en/2l",
            "rel": "FormOf",
            "weight": 1.0,
            "surface_text": ""
        }
    ],
    "2nd_grade": [
        {
            "start": "/c/en/2nd_grade/n",
            "end": "/c/en/second_grade",
            "rel": "FormOf",
            "weight": 1.0,
            "surface_text": ""
        }
    ],
    "2ots": [
        {
            "start": "/c/en/2ots/n",
            "end": "/c/en/2ot",
            "rel": "FormOf",
            "weight": 1.0,
            "surface_text": ""
        }
    ],
    "2s": [
        {
            "start": "/c/en/2s/n",
            "end": "/c/en/2",
            "rel": "FormOf",
            "weight": 1.0,
            "surface_text": ""
        }
    ],
    "2x4s": [
        {
            "start": "/c/en/2x4s/n",
            "end": "/c/en/2x4",
            "rel": "FormOf",
            "weight": 1.0,
            "surface_text": ""
        }
    ],
    "22_hornet": [
        {
            "start": "/c/en/22_hornet",
            "end": "/c/en/lightly_built_case",
            "rel": "HasA",
            "weight": 1.0,
            "surface_text": "[[The .22 Hornet]] has [[a lightly built case]]"
        }
    ],
    "2,4_dnph": [
        {
            "start": "/c/en/2,4_dnph/n",
            "end": "/c/en/organic_compound",
            "rel": "HasContext",
            "weight": 1.0,
            "surface_text": ""
        }
    ],
    "2.5d": [
        {
            "start": "/c/en/2.5d/a",
            "end": "/c/en/video_games",
            "rel": "HasContext",
            "weight": 1.0,
            "surface_text": ""
        }
    ],
    "200_metres": [
        {
            "start": "/c/en/200_metres/n",
            "end": "/c/en/athletics",
            "rel": "HasContext",
            "weight": 1.0,
            "surface_text": ""
        },
        {
            "start": "/c/en/200_metres/n",
            "end": "/c/en/200_meters",
            "rel": "Synonym",
            "weight": 1.0,
            "surface_text": ""
        }
    ],
    "22": [
        {
            "start": "/c/en/22/n",
            "end": "/c/en/firearms",
            "rel": "HasContext",
            "weight": 1.0,
            "surface_text": ""
        },
        {
            "start": "/c/en/22/n",
            "end": "/c/en/rugby",
            "rel": "HasContext",
            "weight": 1.0,
            "surface_text": ""
        },
        {
            "start": "/c/en/22/a/wn",
            "end": "/c/en/cardinal/a/wn",
            "rel": "SimilarTo",
            "weight": 2.0,
            "surface_text": "[[22]] is similar to [[cardinal]]"
        },
        {
            "start": "/c/en/22/n/wn/artifact",
            "end": "/c/en/twenty_two/n/wn/artifact",
            "rel": "Synonym",
            "weight": 2.0,
            "surface_text": "[[.22]] is a synonym of [[twenty-two]]"
        },
        {
            "start": "/c/en/22/n/wn/quantity",
            "end": "/c/en/twenty_two/n/wn/quantity",
            "rel": "Synonym",
            "weight": 2.0,
            "surface_text": "[[22]] is a synonym of [[twenty-two]]"
        }
    ],
    "224": [
        {
            "start": "/c/en/224/r",
            "end": "/c/en/internet_slang",
            "rel": "HasContext",
            "weight": 1.0,
            "surface_text": ""
        }
    ],
    "23_skidoo": [
        {
            "start": "/c/en/23_skidoo",
            "end": "/c/en/us",
            "rel": "HasContext",
            "weight": 1.0,
            "surface_text": ""
        },
        {
            "start": "/c/en/23_skidoo",
            "end": "/c/en/get_rid_of",
            "rel": "Synonym",
            "weight": 1.0,
            "surface_text": ""
        },
        {
            "start": "/c/en/23_skidoo",
            "end": "/c/en/scram",
            "rel": "Synonym",
            "weight": 1.0,
            "surface_text": ""
        }
    ],
    "24_sussex_drive": [
        {
            "start": "/c/en/24_sussex_drive/n",
            "end": "/c/en/canada",
            "rel": "HasContext",
            "weight": 1.0,
            "surface_text": ""
        },
        {
            "start": "/c/en/24_sussex_drive/n",
            "end": "/c/en/sussex_drive",
            "rel": "Synonym",
            "weight": 1.0,
            "surface_text": ""
        }
    ],
    "26.2": [
        {
            "start": "/c/en/26.2/n",
            "end": "/c/en/slang",
            "rel": "HasContext",
            "weight": 1.0,
            "surface_text": ""
        }
    ],
    "26": [
        {
            "start": "/c/en/26/n",
            "end": "/c/en/canada",
            "rel": "HasContext",
            "weight": 1.0,
            "surface_text": ""
        },
        {
            "start": "/c/en/26/a/wn",
            "end": "/c/en/cardinal/a/wn",
            "rel": "SimilarTo",
            "weight": 2.0,
            "surface_text": "[[26]] is similar to [[cardinal]]"
        },
        {
            "start": "/c/en/26/n/wn/quantity",
            "end": "/c/en/twenty_six/n/wn/quantity",
            "rel": "Synonym",
            "weight": 2.0,
            "surface_text": "[[26]] is a synonym of [[twenty-six]]"
        }
    ],
    "2_1_road": [
        {
            "start": "/c/en/2_1_road/n",
            "end": "/c/en/transport",
            "rel": "HasContext",
            "weight": 1.0,
            "surface_text": ""
        }
    ],
    "2_2": [
        {
            "start": "/c/en/2_2/n",
            "end": "/c/en/music",
            "rel": "HasContext",
            "weight": 1.0,
            "surface_text": ""
        },
        {
            "start": "/c/en/2_2/n",
            "end": "/c/en/2_4",
            "rel": "SimilarTo",
            "weight": 1.0,
            "surface_text": ""
        },
        {
            "start": "/c/en/2_2/n",
            "end": "/c/en/3_4",
            "rel": "SimilarTo",
            "weight": 1.0,
            "surface_text": ""
        },
        {
            "start": "/c/en/2_2/n",
            "end": "/c/en/4_4",
            "rel": "SimilarTo",
            "weight": 1.0,
            "surface_text": ""
        },
        {
            "start": "/c/en/2_2/n",
            "end": "/c/en/6_8",
            "rel": "SimilarTo",
            "weight": 1.0,
            "surface_text": ""
        }
    ],
    "2_4": [
        {
            "start": "/c/en/2_4/n",
            "end": "/c/en/music",
            "rel": "HasContext",
            "weight": 1.0,
            "surface_text": ""
        },
        {
            "start": "/c/en/2_4/n",
            "end": "/c/en/2_2",
            "rel": "SimilarTo",
            "weight": 1.0,
            "surface_text": ""
        },
        {
            "start": "/c/en/2_4/n",
            "end": "/c/en/3_4",
            "rel": "SimilarTo",
            "weight": 1.0,
            "surface_text": ""
        },
        {
            "start": "/c/en/2_4/n",
            "end": "/c/en/4_4",
            "rel": "SimilarTo",
            "weight": 1.0,
            "surface_text": ""
        },
        {
            "start": "/c/en/2_4/n",
            "end": "/c/en/6_8",
            "rel": "SimilarTo",
            "weight": 1.0,
            "surface_text": ""
        }
    ],
    "2_butanone": [
        {
            "start": "/c/en/2_butanone/n",
            "end": "/c/en/organic_compound",
            "rel": "HasContext",
            "weight": 1.0,
            "surface_text": ""
        }
    ],
    "2_chronicles": [
        {
            "start": "/c/en/2_chronicles/n",
            "end": "/c/en/biblical",
            "rel": "HasContext",
            "weight": 1.0,
            "surface_text": ""
        },
        {
            "start": "/c/en/2_chronicles/n/wn/communication",
            "end": "/c/en/ii_chronicles/n/wn/communication",
            "rel": "Synonym",
            "weight": 2.0,
            "surface_text": "[[2 Chronicles]] is a synonym of [[II Chronicles]]"
        }
    ],
    "2_corinthians": [
        {
            "start": "/c/en/2_corinthians/n",
            "end": "/c/en/biblical",
            "rel": "HasContext",
            "weight": 1.0,
            "surface_text": ""
        }
    ],
    "2_ic": [
        {
            "start": "/c/en/2_ic/n",
            "end": "/c/en/british",
            "rel": "HasContext",
            "weight": 1.0,
            "surface_text": ""
        },
        {
            "start": "/c/en/2_ic/n",
            "end": "/c/en/canada",
            "rel": "HasContext",
            "weight": 1.0,
            "surface_text": ""
        },
        {
            "start": "/c/en/2_ic/n",
            "end": "/c/en/slang",
            "rel": "HasContext",
            "weight": 1.0,
            "surface_text": ""
        }
    ],
    "2_john": [
        {
            "start": "/c/en/2_john/n",
            "end": "/c/en/biblical",
            "rel": "HasContext",
            "weight": 1.0,
            "surface_text": ""
        }
    ],
    "2_kings": [
        {
            "start": "/c/en/2_kings/n",
            "end": "/c/en/biblical",
            "rel": "HasContext",
            "weight": 1.0,
            "surface_text": ""
        },
        {
            "start": "/c/en/2_kings/n/wn/communication",
            "end": "/c/en/ii_kings/n/wn/communication",
            "rel": "Synonym",
            "weight": 2.0,
            "surface_text": "[[2 Kings]] is a synonym of [[II Kings]]"
        }
    ],
    "2_l": [
        {
            "start": "/c/en/2_l/n",
            "end": "/c/en/legal",
            "rel": "HasContext",
            "weight": 1.0,
            "surface_text": ""
        }
    ],
    "2_methyl_1,3_butadiene": [
        {
            "start": "/c/en/2_methyl_1,3_butadiene/n",
            "end": "/c/en/iupac_name",
            "rel": "HasContext",
            "weight": 1.0,
            "surface_text": ""
        },
        {
            "start": "/c/en/2_methyl_1,3_butadiene/n",
            "end": "/c/en/organic_compound",
            "rel": "HasContext",
            "weight": 1.0,
            "surface_text": ""
        }
    ],
    "2_methyl_2_propenoic_acid": [
        {
            "start": "/c/en/2_methyl_2_propenoic_acid/n",
            "end": "/c/en/organic_compound",
            "rel": "HasContext",
            "weight": 1.0,
            "surface_text": ""
        }
    ],
    "2_methylbutane": [
        {
            "start": "/c/en/2_methylbutane/n",
            "end": "/c/en/organic_compound",
            "rel": "HasContext",
            "weight": 1.0,
            "surface_text": ""
        }
    ],
    "2_methylpropane": [
        {
            "start": "/c/en/2_methylpropane/n",
            "end": "/c/en/organic_compound",
            "rel": "HasContext",
            "weight": 1.0,
            "surface_text": ""
        },
        {
            "start": "/c/en/2_methylpropane/n",
            "end": "/c/en/i_butane",
            "rel": "Synonym",
            "weight": 1.0,
            "surface_text": ""
        },
        {
            "start": "/c/en/2_methylpropane/n",
            "end": "/c/en/isobutane",
            "rel": "Synonym",
            "weight": 1.0,
            "surface_text": ""
        }
    ],
    "2_peter": [
        {
            "start": "/c/en/2_peter/n",
            "end": "/c/en/biblical",
            "rel": "HasContext",
            "weight": 1.0,
            "surface_text": ""
        }
    ],
    "2_samuel": [
        {
            "start": "/c/en/2_samuel/n",
            "end": "/c/en/biblical",
            "rel": "HasContext",
            "weight": 1.0,
            "surface_text": ""
        },
        {
            "start": "/c/en/2_samuel/n/wn/communication",
            "end": "/c/en/ii_samuel/n/wn/communication",
            "rel": "Synonym",
            "weight": 2.0,
            "surface_text": "[[2 Samuel]] is a synonym of [[II Samuel]]"
        }
    ],
    "2_thessalonians": [
        {
            "start": "/c/en/2_thessalonians/n",
            "end": "/c/en/biblical",
            "rel": "HasContext",
            "weight": 1.0,
            "surface_text": ""
        }
    ],
    "2_timothy": [
        {
            "start": "/c/en/2_timothy/n",
            "end": "/c/en/biblical",
            "rel": "HasContext",
            "weight": 1.0,
            "surface_text": ""
        }
    ],
    "2d_cir": [
        {
            "start": "/c/en/2d_cir/n",
            "end": "/c/en/legal",
            "rel": "HasContext",
            "weight": 1.0,
            "surface_text": ""
        }
    ],
    "2fa": [
        {
            "start": "/c/en/2fa/n",
            "end": "/c/en/computing",
            "rel": "HasContext",
            "weight": 1.0,
            "surface_text": ""
        }
    ],
    "2gl": [
        {
            "start": "/c/en/2gl/n",
            "end": "/c/en/programming",
            "rel": "HasContext",
            "weight": 1.0,
            "surface_text": ""
        }
    ],
    "2l": [
        {
            "start": "/c/en/2l/n",
            "end": "/c/en/legal",
            "rel": "HasContext",
            "weight": 1.0,
            "surface_text": ""
        }
    ],
    "2mass": [
        {
            "start": "/c/en/2mass/n",
            "end": "/c/en/astronomy",
            "rel": "HasContext",
            "weight": 1.0,
            "surface_text": ""
        }
    ],
    "2moz": [
        {
            "start": "/c/en/2moz/r",
            "end": "/c/en/texting",
            "rel": "HasContext",
            "weight": 1.0,
            "surface_text": ""
        }
    ],
    "2mrw": [
        {
            "start": "/c/en/2mrw/r",
            "end": "/c/en/internet_slang",
            "rel": "HasContext",
            "weight": 1.0,
            "surface_text": ""
        }
    ],
    "2ot": [
        {
            "start": "/c/en/2ot/n",
            "end": "/c/en/sports",
            "rel": "HasContext",
            "weight": 1.0,
            "surface_text": ""
        }
    ],
    "2sls": [
        {
            "start": "/c/en/2sls/n",
            "end": "/c/en/statistics",
            "rel": "HasContext",
            "weight": 1.0,
            "surface_text": ""
        },
        {
            "start": "/c/en/2sls/n",
            "end": "/c/en/tsls",
            "rel": "Synonym",
            "weight": 1.0,
            "surface_text": ""
        }
    ],
    "20": [
        {
            "start": "/c/en/20",
            "end": "/c/en/twenty",
            "rel": "HasProperty",
            "weight": 1.0,
            "surface_text": "[[20]] is [[twenty]]"
        },
        {
            "start": "/c/en/20/a/wn",
            "end": "/c/en/cardinal/a/wn",
            "rel": "SimilarTo",
            "weight": 2.0,
            "surface_text": "[[20]] is similar to [[cardinal]]"
        },
        {
            "start": "/c/en/20/n/wn/quantity",
            "end": "/c/en/twenty/n/wn/quantity",
            "rel": "Synonym",
            "weight": 2.0,
            "surface_text": "[[20]] is a synonym of [[twenty]]"
        }
    ],
    "200": [
        {
            "start": "/c/en/200",
            "end": "/c/en/two_hundred",
            "rel": "HasProperty",
            "weight": 1.0,
            "surface_text": "[[200]] is [[two hundred]]"
        },
        {
            "start": "/c/en/200/a/wn",
            "end": "/c/en/cardinal/a/wn",
            "rel": "SimilarTo",
            "weight": 2.0,
            "surface_text": "[[200]] is similar to [[cardinal]]"
        }
    ],
    "22_cb_cap": [
        {
            "start": "/c/en/22_cb_cap",
            "end": "/c/en/abbreviated_from'conical_ball_cap",
            "rel": "HasProperty",
            "weight": 1.0,
            "surface_text": "[[22 CB Cap]] is [[abbreviated from'Conical Ball Cap']]"
        }
    ],
    "2_of_people_who_frequently_lie": [
        {
            "start": "/c/en/2_of_people_who_frequently_lie",
            "end": "/c/en/contrary",
            "rel": "HasProperty",
            "weight": 1.0,
            "surface_text": "[[2% of people who frequently lie]] are [[contrary]]"
        }
    ],
    "2,2,2_trifluoroethanol": [
        {
            "start": "/c/en/2,2,2_trifluoroethanol",
            "end": "/c/en/trifluoroethanol/n",
            "rel": "IsA",
            "weight": 1.0,
            "surface_text": ""
        }
    ],
    "2,2_bipyridine": [
        {
            "start": "/c/en/2,2_bipyridine/n",
            "end": "/c/en/pyridine/n",
            "rel": "IsA",
            "weight": 1.0,
            "surface_text": ""
        }
    ],
    "2,2_dimethoxypropane": [
        {
            "start": "/c/en/2,2_dimethoxypropane/n",
            "end": "/c/en/ether/n",
            "rel": "IsA",
            "weight": 1.0,
            "surface_text": ""
        }
    ],
    "2,4_toluenediisocyanate": [
        {
            "start": "/c/en/2,4_toluenediisocyanate/n",
            "end": "/c/en/tangible_thing/n",
            "rel": "IsA",
            "weight": 1.0,
            "surface_text": ""
        }
    ],
    "2,6_di_tert_butylphenol": [
        {
            "start": "/c/en/2,6_di_tert_butylphenol/n",
            "end": "/c/en/antioxidant/n",
            "rel": "IsA",
            "weight": 1.0,
            "surface_text": ""
        }
    ],
    "2,6_lutidine": [
        {
            "start": "/c/en/2,6_lutidine/n",
            "end": "/c/en/pyridine/n",
            "rel": "IsA",
            "weight": 1.0,
            "surface_text": ""
        }
    ],
    "2000_gtx": [
        {
            "start": "/c/en/2000_gtx/n",
            "end": "/c/en/chrysler_eagle/n",
            "rel": "IsA",
            "weight": 1.0,
            "surface_text": ""
        }
    ],
    "2001": [
        {
            "start": "/c/en/2001",
            "end": "/c/en/australia's_centenary_of_federation_year",
            "rel": "IsA",
            "weight": 1.0,
            "surface_text": "[[2001]] is [[Australia's Centenary of Federation year]]"
        }
    ],
    "2001_spring": [
        {
            "start": "/c/en/2001_spring",
            "end": "/c/en/wrotten_spring",
            "rel": "IsA",
            "weight": 1.0,
            "surface_text": "[[2001 spring]] was [[a wrotten spring]]"
        }
    ],
    "2009_nissan_370z_coupe": [
        {
            "start": "/c/en/2009_nissan_370z_coupe/n",
            "end": "/c/en/370z_coupe/n",
            "rel": "IsA",
            "weight": 1.0,
            "surface_text": ""
        }
    ],
    "200_meter_breaststroke": [
        {
            "start": "/c/en/200_meter_breaststroke/n",
            "end": "/c/en/quick_burst_sport/n",
            "rel": "IsA",
            "weight": 1.0,
            "surface_text": ""
        },
        {
            "start": "/c/en/200_meter_breaststroke/n",
            "end": "/c/en/swimming_race/n",
            "rel": "IsA",
            "weight": 1.0,
            "surface_text": ""
        }
    ],
    "200_meter_freestyle": [
        {
            "start": "/c/en/200_meter_freestyle/n",
            "end": "/c/en/quick_burst_sport/n",
            "rel": "IsA",
            "weight": 1.0,
            "surface_text": ""
        },
        {
            "start": "/c/en/200_meter_freestyle/n",
            "end": "/c/en/swimming_race/n",
            "rel": "IsA",
            "weight": 1.0,
            "surface_text": ""
        }
    ],
    "200_meter_run": [
        {
            "start": "/c/en/200_meter_run/n",
            "end": "/c/en/sprinting_competition/n",
            "rel": "IsA",
            "weight": 1.0,
            "surface_text": ""
        }
    ],
    "2010_nissan_370z_coupe": [
        {
            "start": "/c/en/2010_nissan_370z_coupe/n",
            "end": "/c/en/370z_coupe/n",
            "rel": "IsA",
            "weight": 1.0,
            "surface_text": ""
        }
    ],
    "2010_nissan_370z_roadster": [
        {
            "start": "/c/en/2010_nissan_370z_roadster/n",
            "end": "/c/en/nissan_370z_roadster/n",
            "rel": "IsA",
            "weight": 1.0,
            "surface_text": ""
        }
    ],
    "2011_cricket_world_cup": [
        {
            "start": "/c/en/2011_cricket_world_cup/n",
            "end": "/c/en/festival/n",
            "rel": "IsA",
            "weight": 1.0,
            "surface_text": ""
        }
    ],
    "2011_iihf_world_championship": [
        {
            "start": "/c/en/2011_iihf_world_championship/n",
            "end": "/c/en/festival/n",
            "rel": "IsA",
            "weight": 1.0,
            "surface_text": ""
        }
    ],
    "2011_rugby_world_cup": [
        {
            "start": "/c/en/2011_rugby_world_cup/n",
            "end": "/c/en/festival/n",
            "rel": "IsA",
            "weight": 1.0,
            "surface_text": ""
        }
    ],
    "2011_southeast_asian_games": [
        {
            "start": "/c/en/2011_southeast_asian_games/n",
            "end": "/c/en/festival/n",
            "rel": "IsA",
            "weight": 1.0,
            "surface_text": ""
        }
    ],
    "2011_world_aquatics_championship": [
        {
            "start": "/c/en/2011_world_aquatics_championship/n",
            "end": "/c/en/festival/n",
            "rel": "IsA",
            "weight": 1.0,
            "surface_text": ""
        }
    ],
    "2011_world_aquatics_championships": [
        {
            "start": "/c/en/2011_world_aquatics_championships/n",
            "end": "/c/en/festival/n",
            "rel": "IsA",
            "weight": 1.0,
            "surface_text": ""
        }
    ],
    "20_20": [
        {
            "start": "/c/en/20_20/n/wn/cognition",
            "end": "/c/en/acuity/n/wn/cognition",
            "rel": "IsA",
            "weight": 2.0,
            "surface_text": "[[20/20]] is a type of [[acuity]]"
        }
    ],
    "20_inch_television_set": [
        {
            "start": "/c/en/20_inch_television_set/n",
            "end": "/c/en/television_set/n",
            "rel": "IsA",
            "weight": 1.0,
            "surface_text": ""
        }
    ],
    "20_mm_cannon": [
        {
            "start": "/c/en/20_mm_cannon/n",
            "end": "/c/en/cannon/n",
            "rel": "IsA",
            "weight": 1.0,
            "surface_text": ""
        }
    ],
    "20_mm_gatling_gun": [
        {
            "start": "/c/en/20_mm_gatling_gun/n",
            "end": "/c/en/gatling_gun/n",
            "rel": "IsA",
            "weight": 1.0,
            "surface_text": ""
        },
        {
            "start": "/c/en/20_mm_gatling_gun/n",
            "end": "/c/en/machine_cannon/n",
            "rel": "IsA",
            "weight": 1.0,
            "surface_text": ""
        }
    ],
    "20_mm_machine_cannon": [
        {
            "start": "/c/en/20_mm_machine_cannon/n",
            "end": "/c/en/20_mm_cannon/n",
            "rel": "IsA",
            "weight": 1.0,
            "surface_text": ""
        }
    ],
    "20_°_c_calorie": [
        {
            "start": "/c/en/20_°_c_calorie",
            "end": "/c/en/calorie/n",
            "rel": "IsA",
            "weight": 1.0,
            "surface_text": ""
        }
    ],
    "20f_catheter": [
        {
            "start": "/c/en/20f_catheter/n",
            "end": "/c/en/catheter/n",
            "rel": "IsA",
            "weight": 1.0,
            "surface_text": ""
        }
    ],
    "20q": [
        {
            "start": "/c/en/20q",
            "end": "/c/en/game",
            "rel": "IsA",
            "weight": 1.0,
            "surface_text": "[[20Q]] is a kind of [[game]]"
        }
    ],
    "21f_catheter": [
        {
            "start": "/c/en/21f_catheter/n",
            "end": "/c/en/catheter/n",
            "rel": "IsA",
            "weight": 1.0,
            "surface_text": ""
        }
    ],
    "22_caliber_rifle": [
        {
            "start": "/c/en/22_caliber_rifle/n",
            "end": "/c/en/rifle/n",
            "rel": "IsA",
            "weight": 1.0,
            "surface_text": ""
        }
    ],
    "22_karat_gold": [
        {
            "start": "/c/en/22_karat_gold/n/wn/substance",
            "end": "/c/en/alloy/n/wn/substance",
            "rel": "IsA",
            "weight": 2.0,
            "surface_text": "[[22-karat gold]] is a type of [[alloy]]"
        }
    ],
    "22_rf_shot_rounds": [
        {
            "start": "/c/en/22_rf_shot_rounds",
            "end": "/c/en/nicknamed'rat_shot",
            "rel": "IsA",
            "weight": 1.0,
            "surface_text": "[[22 RF Shot rounds]] are [[nicknamed'Rat Shot']]"
        }
    ],
    "22_rimfire": [
        {
            "start": "/c/en/22_rimfire",
            "end": "/c/en/great_round_for_plinking",
            "rel": "IsA",
            "weight": 1.0,
            "surface_text": "[[The .22 rimfire]] is [[a great round for plinking]]"
        }
    ],
    "22f_catheter": [
        {
            "start": "/c/en/22f_catheter/n",
            "end": "/c/en/catheter/n",
            "rel": "IsA",
            "weight": 1.0,
            "surface_text": ""
        }
    ],
    "23f_catheter": [
        {
            "start": "/c/en/23f_catheter/n",
            "end": "/c/en/catheter/n",
            "rel": "IsA",
            "weight": 1.0,
            "surface_text": ""
        }
    ],
    "240_volt_device": [
        {
            "start": "/c/en/240_volt_device/n",
            "end": "/c/en/electrical_device/n",
            "rel": "IsA",
            "weight": 1.0,
            "surface_text": ""
        },
        {
            "start": "/c/en/240_volt_device/n",
            "end": "/c/en/tangible_thing/n",
            "rel": "IsA",
            "weight": 1.0,
            "surface_text": ""
        }
    ],
    "24_7": [
        {
            "start": "/c/en/24_7/n/wn/time",
            "end": "/c/en/uptime/n/wn/factory",
            "rel": "IsA",
            "weight": 2.0,
            "surface_text": "[[24 7]] is a type of [[uptime]]"
        },
        {
            "start": "/c/en/24_7/n/wn/time",
            "end": "/c/en/24_7/n/wn/time",
            "rel": "Synonym",
            "weight": 2.0,
            "surface_text": "[[24/7]] is a synonym of [[24 7]]"
        }
    ],
    "24_hours": [
        {
            "start": "/c/en/24_hours",
            "end": "/c/en/long_time_to_sleep",
            "rel": "IsA",
            "weight": 1.0,
            "surface_text": "[[24 hours]] is [[a long time to sleep]]"
        }
    ],
    "24_karat_gold": [
        {
            "start": "/c/en/24_karat_gold/n/wn/substance",
            "end": "/c/en/gold/n/wn/substance",
            "rel": "IsA",
            "weight": 2.0,
            "surface_text": "[[24-karat gold]] is a type of [[gold]]"
        }
    ],
    "24f_catheter": [
        {
            "start": "/c/en/24f_catheter/n",
            "end": "/c/en/catheter/n",
            "rel": "IsA",
            "weight": 1.0,
            "surface_text": ""
        }
    ],
    "25_inch_television_set": [
        {
            "start": "/c/en/25_inch_television_set/n",
            "end": "/c/en/television_set/n",
            "rel": "IsA",
            "weight": 1.0,
            "surface_text": ""
        }
    ],
    "25_mm_cannon": [
        {
            "start": "/c/en/25_mm_cannon/n",
            "end": "/c/en/cannon/n",
            "rel": "IsA",
            "weight": 1.0,
            "surface_text": ""
        }
    ],
    "25_mm_machine_cannon": [
        {
            "start": "/c/en/25_mm_machine_cannon/n",
            "end": "/c/en/25_mm_cannon/n",
            "rel": "IsA",
            "weight": 1.0,
            "surface_text": ""
        }
    ],
    "25f_catheter": [
        {
            "start": "/c/en/25f_catheter/n",
            "end": "/c/en/catheter/n",
            "rel": "IsA",
            "weight": 1.0,
            "surface_text": ""
        }
    ],
    "26f_catheter": [
        {
            "start": "/c/en/26f_catheter/n",
            "end": "/c/en/catheter/n",
            "rel": "IsA",
            "weight": 1.0,
            "surface_text": ""
        }
    ],
    "27_inch_television_set": [
        {
            "start": "/c/en/27_inch_television_set/n",
            "end": "/c/en/television_set/n",
            "rel": "IsA",
            "weight": 1.0,
            "surface_text": ""
        }
    ],
    "27f_catheter": [
        {
            "start": "/c/en/27f_catheter/n",
            "end": "/c/en/catheter/n",
            "rel": "IsA",
            "weight": 1.0,
            "surface_text": ""
        }
    ],
    "280zx": [
        {
            "start": "/c/en/280zx/n",
            "end": "/c/en/datsun/n",
            "rel": "IsA",
            "weight": 1.0,
            "surface_text": ""
        },
        {
            "start": "/c/en/280zx/n",
            "end": "/c/en/nissan_vehicle/n",
            "rel": "IsA",
            "weight": 1.0,
            "surface_text": ""
        }
    ],
    "28_nm_bulk_sti": [
        {
            "start": "/c/en/28_nm_bulk_sti/n",
            "end": "/c/en/shallow_trench_isolation/n",
            "rel": "IsA",
            "weight": 1.0,
            "surface_text": ""
        }
    ],
    "28f_catheter": [
        {
            "start": "/c/en/28f_catheter/n",
            "end": "/c/en/catheter/n",
            "rel": "IsA",
            "weight": 1.0,
            "surface_text": ""
        }
    ],
    "29_inch_television_set": [
        {
            "start": "/c/en/29_inch_television_set/n",
            "end": "/c/en/television_set/n",
            "rel": "IsA",
            "weight": 1.0,
            "surface_text": ""
        }
    ],
    "29f_catheter": [
        {
            "start": "/c/en/29f_catheter/n",
            "end": "/c/en/catheter/n",
            "rel": "IsA",
            "weight": 1.0,
            "surface_text": ""
        }
    ],
    "2_10_0": [
        {
            "start": "/c/en/2_10_0/n",
            "end": "/c/en/decapod",
            "rel": "IsA",
            "weight": 1.0,
            "surface_text": ""
        }
    ],
    "2_a.m": [
        {
            "start": "/c/en/2_a.m/n",
            "end": "/c/en/calendar_hour/n",
            "rel": "IsA",
            "weight": 1.0,
            "surface_text": ""
        }
    ],
    "2_byte_integer": [
        {
            "start": "/c/en/2_byte_integer/n",
            "end": "/c/en/computer_integer/n",
            "rel": "IsA",
            "weight": 1.0,
            "surface_text": ""
        },
        {
            "start": "/c/en/2_byte_integer/n",
            "end": "/c/en/programming_datastructure/n",
            "rel": "IsA",
            "weight": 1.0,
            "surface_text": ""
        }
    ],
    "2_chloro_1,1,1,2_tetrafluoroethane": [
        {
            "start": "/c/en/2_chloro_1,1,1,2_tetrafluoroethane/n",
            "end": "/c/en/cfc/n",
            "rel": "IsA",
            "weight": 1.0,
            "surface_text": ""
        }
    ],
    "2_d_point": [
        {
            "start": "/c/en/2_d_point/n",
            "end": "/c/en/point_in_space/n/opencyc/point",
            "rel": "IsA",
            "weight": 1.0,
            "surface_text": ""
        }
    ],
    "2_diisopropylamino_ethanol": [
        {
            "start": "/c/en/2_diisopropylamino_ethanol/n",
            "end": "/c/en/tangible_thing/n",
            "rel": "IsA",
            "weight": 1.0,
            "surface_text": ""
        }
    ],
    "2_heads": [
        {
            "start": "/c/en/2_heads",
            "end": "/c/en/better_than1",
            "rel": "IsA",
            "weight": 1.0,
            "surface_text": "[[2 heads]] are [[better than1]]"
        }
    ],
    "2_mercaptoethanol": [
        {
            "start": "/c/en/2_mercaptoethanol/n",
            "end": "/c/en/liquid/n/opencyc/liquid_state_of_matter",
            "rel": "IsA",
            "weight": 1.0,
            "surface_text": ""
        },
        {
            "start": "/c/en/2_mercaptoethanol/n",
            "end": "/c/en/tangible_thing/n",
            "rel": "IsA",
            "weight": 1.0,
            "surface_text": ""
        }
    ],
    "2_methoxybenzoic_acid": [
        {
            "start": "/c/en/2_methoxybenzoic_acid/n",
            "end": "/c/en/benzoic_acid/n",
            "rel": "IsA",
            "weight": 1.0,
            "surface_text": ""
        }
    ],
    "2_moderate": [
        {
            "start": "/c/en/2_moderate/n",
            "end": "/c/en/2_through_4/n",
            "rel": "IsA",
            "weight": 1.0,
            "surface_text": ""
        },
        {
            "start": "/c/en/2_moderate/n",
            "end": "/c/en/cardiac_valve_regurgitation/n",
            "rel": "IsA",
            "weight": 1.0,
            "surface_text": ""
        }
    ],
    "2_old": [
        {
            "start": "/c/en/2_old/n",
            "end": "/c/en/2_through_4/n",
            "rel": "IsA",
            "weight": 1.0,
            "surface_text": ""
        },
        {
            "start": "/c/en/2_old/n",
            "end": "/c/en/cardiac_valve_regurgitation/n",
            "rel": "IsA",
            "weight": 1.0,
            "surface_text": ""
        },
        {
            "start": "/c/en/2_old/n",
            "end": "/c/en/moderate_physiological_condition/n",
            "rel": "IsA",
            "weight": 1.0,
            "surface_text": ""
        }
    ],
    "2_p.m": [
        {
            "start": "/c/en/2_p.m/n",
            "end": "/c/en/calendar_hour/n",
            "rel": "IsA",
            "weight": 1.0,
            "surface_text": ""
        }
    ],
    "2_people": [
        {
            "start": "/c/en/2_people",
            "end": "/c/en/skiiing",
            "rel": "IsA",
            "weight": 1.0,
            "surface_text": "[[2 people]] are [[skiiing]]"
        }
    ],
    "2_percent_milk": [
        {
            "start": "/c/en/2_percent_milk/n",
            "end": "/c/en/milk/n/opencyc/cows_milk_product",
            "rel": "IsA",
            "weight": 1.0,
            "surface_text": ""
        }
    ],
    "2_phosphoglycerate_molecule": [
        {
            "start": "/c/en/2_phosphoglycerate_molecule/n",
            "end": "/c/en/molecule/n",
            "rel": "IsA",
            "weight": 1.0,
            "surface_text": ""
        },
        {
            "start": "/c/en/2_phosphoglycerate_molecule/n",
            "end": "/c/en/organic_molecule/n",
            "rel": "IsA",
            "weight": 1.0,
            "surface_text": ""
        }
    ],
    "2_through_4": [
        {
            "start": "/c/en/2_through_4/n",
            "end": "/c/en/illness/n",
            "rel": "IsA",
            "weight": 1.0,
            "surface_text": ""
        }
    ],
    "2a28_tank_cannon": [
        {
            "start": "/c/en/2a28_tank_cannon/n",
            "end": "/c/en/automatic_weapon/n",
            "rel": "IsA",
            "weight": 1.0,
            "surface_text": ""
        },
        {
            "start": "/c/en/2a28_tank_cannon/n",
            "end": "/c/en/smooth_bore_weapon/n",
            "rel": "IsA",
            "weight": 1.0,
            "surface_text": ""
        },
        {
            "start": "/c/en/2a28_tank_cannon/n",
            "end": "/c/en/tank_cannon/n",
            "rel": "IsA",
            "weight": 1.0,
            "surface_text": ""
        }
    ],
    "2a38_tank_cannon": [
        {
            "start": "/c/en/2a38_tank_cannon/n",
            "end": "/c/en/automatic_weapon/n",
            "rel": "IsA",
            "weight": 1.0,
            "surface_text": ""
        },
        {
            "start": "/c/en/2a38_tank_cannon/n",
            "end": "/c/en/smooth_bore_weapon/n",
            "rel": "IsA",
            "weight": 1.0,
            "surface_text": ""
        },
        {
            "start": "/c/en/2a38_tank_cannon/n",
            "end": "/c/en/tank_cannon/n",
            "rel": "IsA",
            "weight": 1.0,
            "surface_text": ""
        }
    ],
    "2a42_machine_gun": [
        {
            "start": "/c/en/2a42_machine_gun/n",
            "end": "/c/en/heavy_machine_gun/n",
            "rel": "IsA",
            "weight": 1.0,
            "surface_text": ""
        }
    ],
    "2a70_tank_cannon": [
        {
            "start": "/c/en/2a70_tank_cannon/n",
            "end": "/c/en/atgm_launcher/n",
            "rel": "IsA",
            "weight": 1.0,
            "surface_text": ""
        },
        {
            "start": "/c/en/2a70_tank_cannon/n",
            "end": "/c/en/automatic_weapon/n",
            "rel": "IsA",
            "weight": 1.0,
            "surface_text": ""
        },
        {
            "start": "/c/en/2a70_tank_cannon/n",
            "end": "/c/en/rifled_bore_weapon/n",
            "rel": "IsA",
            "weight": 1.0,
            "surface_text": ""
        },
        {
            "start": "/c/en/2a70_tank_cannon/n",
            "end": "/c/en/tank_cannon/n",
            "rel": "IsA",
            "weight": 1.0,
            "surface_text": ""
        }
    ],
    "2a72_machine_gun": [
        {
            "start": "/c/en/2a72_machine_gun/n",
            "end": "/c/en/heavy_machine_gun/n",
            "rel": "IsA",
            "weight": 1.0,
            "surface_text": ""
        }
    ],
    "2ap": [
        {
            "start": "/c/en/2ap",
            "end": "/c/en/acetylpyrroline/n",
            "rel": "IsA",
            "weight": 1.0,
            "surface_text": ""
        },
        {
            "start": "/c/en/2ap/n",
            "end": "/c/en/ap",
            "rel": "IsA",
            "weight": 1.0,
            "surface_text": ""
        },
        {
            "start": "/c/en/2ap/n",
            "end": "/c/en/imine",
            "rel": "IsA",
            "weight": 1.0,
            "surface_text": ""
        }
    ],
    "2b11_mortar": [
        {
            "start": "/c/en/2b11_mortar/n",
            "end": "/c/en/120mm_mortar/n",
            "rel": "IsA",
            "weight": 1.0,
            "surface_text": ""
        }
    ],
    "2b9_mortar": [
        {
            "start": "/c/en/2b9_mortar/n",
            "end": "/c/en/mortar_launcher_medium/n",
            "rel": "IsA",
            "weight": 1.0,
            "surface_text": ""
        }
    ],
    "2d_geographical_place": [
        {
            "start": "/c/en/2d_geographical_place/n",
            "end": "/c/en/geographical_area_intangible/n",
            "rel": "IsA",
            "weight": 1.0,
            "surface_text": ""
        },
        {
            "start": "/c/en/2d_geographical_place/n",
            "end": "/c/en/geographical_region_of_space/n",
            "rel": "IsA",
            "weight": 1.0,
            "surface_text": ""
        }
    ],
    "2f_catheter": [
        {
            "start": "/c/en/2f_catheter/n",
            "end": "/c/en/catheter/n",
            "rel": "IsA",
            "weight": 1.0,
            "surface_text": ""
        }
    ],
    "2nd_mortgage": [
        {
            "start": "/c/en/2nd_mortgage/n",
            "end": "/c/en/mortgage/n",
            "rel": "IsA",
            "weight": 1.0,
            "surface_text": ""
        }
    ],
    "2s1_how": [
        {
            "start": "/c/en/2s1_how/n",
            "end": "/c/en/122mm_self_propelled_howitzer/n",
            "rel": "IsA",
            "weight": 1.0,
            "surface_text": ""
        },
        {
            "start": "/c/en/2s1_how/n",
            "end": "/c/en/amphibious_vehicle/n",
            "rel": "IsA",
            "weight": 1.0,
            "surface_text": ""
        },
        {
            "start": "/c/en/2s1_how/n",
            "end": "/c/en/automatic_weapon/n",
            "rel": "IsA",
            "weight": 1.0,
            "surface_text": ""
        }
    ],
    "2x4": [
        {
            "start": "/c/en/2x4",
            "end": "/c/en/piece_of_wood",
            "rel": "IsA",
            "weight": 1.0,
            "surface_text": "[[a 2x4]] is [[a piece of wood]]"
        }
    ],
    "2_breasts": [
        {
            "start": "/c/en/2_breasts",
            "end": "/c/en/normal_female_human_body",
            "rel": "PartOf",
            "weight": 1.0,
            "surface_text": "[[2 breasts]] is part of [[a normal female human body]]"
        }
    ],
    "2_ears": [
        {
            "start": "/c/en/2_ears",
            "end": "/c/en/head",
            "rel": "PartOf",
            "weight": 1.0,
            "surface_text": "[[2 ears]] is part of [[a head]]"
        }
    ],
    "2_eyes": [
        {
            "start": "/c/en/2_eyes",
            "end": "/c/en/head",
            "rel": "PartOf",
            "weight": 1.0,
            "surface_text": "[[2 eyes]] is part of [[a head]]"
        }
    ],
    "2_faces": [
        {
            "start": "/c/en/2_faces",
            "end": "/c/en/head",
            "rel": "PartOf",
            "weight": 1.0,
            "surface_text": "[[2 faces]] is part of [[a head]]"
        }
    ],
    "2_feet": [
        {
            "start": "/c/en/2_feet",
            "end": "/c/en/normal_human_body",
            "rel": "PartOf",
            "weight": 1.0,
            "surface_text": "[[2 feet]] is part of [[a normal human body]]"
        }
    ],
    "2_legs": [
        {
            "start": "/c/en/2_legs",
            "end": "/c/en/normal_human_body",
            "rel": "PartOf",
            "weight": 1.0,
            "surface_text": "[[2 legs]] is part of [[a normal human body]]"
        }
    ],
    "2_shoulders": [
        {
            "start": "/c/en/2_shoulders",
            "end": "/c/en/normal_human_body",
            "rel": "PartOf",
            "weight": 1.0,
            "surface_text": "[[2 shoulders]] is part of [[a normal human body]]"
        }
    ],
    "2_thighs": [
        {
            "start": "/c/en/2_thighs",
            "end": "/c/en/normal_human_body",
            "rel": "PartOf",
            "weight": 1.0,
            "surface_text": "[[2 thighs]] is part of [[a normal human body]]"
        }
    ],
    "2h": [
        {
            "start": "/c/en/2h",
            "end": "/c/en/h/a/wikt/en_1",
            "rel": "PartOf",
            "weight": 1.0,
            "surface_text": ""
        }
    ],
    "200th": [
        {
            "start": "/c/en/200th/a/wn",
            "end": "/c/en/ordinal/a/wn",
            "rel": "SimilarTo",
            "weight": 2.0,
            "surface_text": "[[200th]] is similar to [[ordinal]]"
        }
    ],
    "20th": [
        {
            "start": "/c/en/20th/a/wn",
            "end": "/c/en/ordinal/a/wn",
            "rel": "SimilarTo",
            "weight": 2.0,
            "surface_text": "[[20th]] is similar to [[ordinal]]"
        }
    ],
    "21": [
        {
            "start": "/c/en/21/a/wn",
            "end": "/c/en/cardinal/a/wn",
            "rel": "SimilarTo",
            "weight": 2.0,
            "surface_text": "[[21]] is similar to [[cardinal]]"
        },
        {
            "start": "/c/en/21/n/wn/quantity",
            "end": "/c/en/twenty_one/n/wn/quantity",
            "rel": "Synonym",
            "weight": 2.0,
            "surface_text": "[[21]] is a synonym of [[twenty-one]]"
        }
    ],
    "21st": [
        {
            "start": "/c/en/21st/a/wn",
            "end": "/c/en/ordinal/a/wn",
            "rel": "SimilarTo",
            "weight": 2.0,
            "surface_text": "[[21st]] is similar to [[ordinal]]"
        },
        {
            "start": "/c/en/21st/a",
            "end": "/c/en/twenty_first",
            "rel": "Synonym",
            "weight": 1.0,
            "surface_text": ""
        }
    ],
    "22nd": [
        {
            "start": "/c/en/22nd/a/wn",
            "end": "/c/en/ordinal/a/wn",
            "rel": "SimilarTo",
            "weight": 2.0,
            "surface_text": "[[22nd]] is similar to [[ordinal]]"
        }
    ],
    "23": [
        {
            "start": "/c/en/23/a/wn",
            "end": "/c/en/cardinal/a/wn",
            "rel": "SimilarTo",
            "weight": 2.0,
            "surface_text": "[[23]] is similar to [[cardinal]]"
        },
        {
            "start": "/c/en/23/n/wn/quantity",
            "end": "/c/en/twenty_three/n/wn/quantity",
            "rel": "Synonym",
            "weight": 2.0,
            "surface_text": "[[23]] is a synonym of [[twenty-three]]"
        }
    ],
    "23rd": [
        {
            "start": "/c/en/23rd/a/wn",
            "end": "/c/en/ordinal/a/wn",
            "rel": "SimilarTo",
            "weight": 2.0,
            "surface_text": "[[23rd]] is similar to [[ordinal]]"
        }
    ],
    "24": [
        {
            "start": "/c/en/24/a/wn",
            "end": "/c/en/cardinal/a/wn",
            "rel": "SimilarTo",
            "weight": 2.0,
            "surface_text": "[[24]] is similar to [[cardinal]]"
        },
        {
            "start": "/c/en/24/n/wn/quantity",
            "end": "/c/en/twenty_four/n/wn/quantity",
            "rel": "Synonym",
            "weight": 2.0,
            "surface_text": "[[24]] is a synonym of [[twenty-four]]"
        }
    ],
    "24th": [
        {
            "start": "/c/en/24th/a/wn",
            "end": "/c/en/ordinal/a/wn",
            "rel": "SimilarTo",
            "weight": 2.0,
            "surface_text": "[[24th]] is similar to [[ordinal]]"
        }
    ],
    "25": [
        {
            "start": "/c/en/25/a/wn",
            "end": "/c/en/cardinal/a/wn",
            "rel": "SimilarTo",
            "weight": 2.0,
            "surface_text": "[[25]] is similar to [[cardinal]]"
        },
        {
            "start": "/c/en/25/n/wn/quantity",
            "end": "/c/en/twenty_five/n/wn/quantity",
            "rel": "Synonym",
            "weight": 2.0,
            "surface_text": "[[25]] is a synonym of [[twenty-five]]"
        }
    ],
    "25th": [
        {
            "start": "/c/en/25th/a/wn",
            "end": "/c/en/ordinal/a/wn",
            "rel": "SimilarTo",
            "weight": 2.0,
            "surface_text": "[[25th]] is similar to [[ordinal]]"
        }
    ],
    "26th": [
        {
            "start": "/c/en/26th/a/wn",
            "end": "/c/en/ordinal/a/wn",
            "rel": "SimilarTo",
            "weight": 2.0,
            "surface_text": "[[26th]] is similar to [[ordinal]]"
        }
    ],
    "27": [
        {
            "start": "/c/en/27/a/wn",
            "end": "/c/en/cardinal/a/wn",
            "rel": "SimilarTo",
            "weight": 2.0,
            "surface_text": "[[27]] is similar to [[cardinal]]"
        },
        {
            "start": "/c/en/27/n/wn/quantity",
            "end": "/c/en/twenty_seven/n/wn/quantity",
            "rel": "Synonym",
            "weight": 2.0,
            "surface_text": "[[27]] is a synonym of [[twenty-seven]]"
        }
    ],
    "27th": [
        {
            "start": "/c/en/27th/a/wn",
            "end": "/c/en/ordinal/a/wn",
            "rel": "SimilarTo",
            "weight": 2.0,
            "surface_text": "[[27th]] is similar to [[ordinal]]"
        }
    ],
    "28": [
        {
            "start": "/c/en/28/a/wn",
            "end": "/c/en/cardinal/a/wn",
            "rel": "SimilarTo",
            "weight": 2.0,
            "surface_text": "[[28]] is similar to [[cardinal]]"
        },
        {
            "start": "/c/en/28/n/wn/quantity",
            "end": "/c/en/twenty_eight/n/wn/quantity",
            "rel": "Synonym",
            "weight": 2.0,
            "surface_text": "[[28]] is a synonym of [[twenty-eight]]"
        }
    ],
    "28th": [
        {
            "start": "/c/en/28th/a/wn",
            "end": "/c/en/ordinal/a/wn",
            "rel": "SimilarTo",
            "weight": 2.0,
            "surface_text": "[[28th]] is similar to [[ordinal]]"
        }
    ],
    "29": [
        {
            "start": "/c/en/29/a/wn",
            "end": "/c/en/cardinal/a/wn",
            "rel": "SimilarTo",
            "weight": 2.0,
            "surface_text": "[[29]] is similar to [[cardinal]]"
        },
        {
            "start": "/c/en/29/n/wn/quantity",
            "end": "/c/en/twenty_nine/n/wn/quantity",
            "rel": "Synonym",
            "weight": 2.0,
            "surface_text": "[[29]] is a synonym of [[twenty-nine]]"
        }
    ],
    "29th": [
        {
            "start": "/c/en/29th/a/wn",
            "end": "/c/en/ordinal/a/wn",
            "rel": "SimilarTo",
            "weight": 2.0,
            "surface_text": "[[29th]] is similar to [[ordinal]]"
        }
    ],
    "2nd": [
        {
            "start": "/c/en/2nd/a/wn",
            "end": "/c/en/ordinal/a/wn",
            "rel": "SimilarTo",
            "weight": 2.0,
            "surface_text": "[[2nd]] is similar to [[ordinal]]"
        }
    ],
    "2,3_bis_nitrooxy_propyl_nitrate": [
        {
            "start": "/c/en/2,3_bis_nitrooxy_propyl_nitrate/n",
            "end": "/c/en/1,2,3_trinitrooxypropane",
            "rel": "Synonym",
            "weight": 1.0,
            "surface_text": ""
        },
        {
            "start": "/c/en/2,3_bis_nitrooxy_propyl_nitrate/n",
            "end": "/c/en/glyceryl_trinitrate",
            "rel": "Synonym",
            "weight": 1.0,
            "surface_text": ""
        },
        {
            "start": "/c/en/2,3_bis_nitrooxy_propyl_nitrate/n",
            "end": "/c/en/nitro",
            "rel": "Synonym",
            "weight": 1.0,
            "surface_text": ""
        },
        {
            "start": "/c/en/2,3_bis_nitrooxy_propyl_nitrate/n",
            "end": "/c/en/nitroglycerin",
            "rel": "Synonym",
            "weight": 1.0,
            "surface_text": ""
        },
        {
            "start": "/c/en/2,3_bis_nitrooxy_propyl_nitrate/n",
            "end": "/c/en/trinitroglycerin",
            "rel": "Synonym",
            "weight": 1.0,
            "surface_text": ""
        }
    ],
    "2,4,6_trinitromethylbenzene": [
        {
            "start": "/c/en/2,4,6_trinitromethylbenzene/n",
            "end": "/c/en/2_methyl_1,3,5_trinitrobenzene",
            "rel": "Synonym",
            "weight": 1.0,
            "surface_text": ""
        },
        {
            "start": "/c/en/2,4,6_trinitromethylbenzene/n",
            "end": "/c/en/tolite",
            "rel": "Synonym",
            "weight": 1.0,
            "surface_text": ""
        },
        {
            "start": "/c/en/2,4,6_trinitromethylbenzene/n",
            "end": "/c/en/trilite",
            "rel": "Synonym",
            "weight": 1.0,
            "surface_text": ""
        },
        {
            "start": "/c/en/2,4,6_trinitromethylbenzene/n",
            "end": "/c/en/trinitrotoluene",
            "rel": "Synonym",
            "weight": 1.0,
            "surface_text": ""
        },
        {
            "start": "/c/en/2,4,6_trinitromethylbenzene/n",
            "end": "/c/en/trinitrotoluol",
            "rel": "Synonym",
            "weight": 1.0,
            "surface_text": ""
        },
        {
            "start": "/c/en/2,4,6_trinitromethylbenzene/n",
            "end": "/c/en/trinol",
            "rel": "Synonym",
            "weight": 1.0,
            "surface_text": ""
        },
        {
            "start": "/c/en/2,4,6_trinitromethylbenzene/n",
            "end": "/c/en/tritol",
            "rel": "Synonym",
            "weight": 1.0,
            "surface_text": ""
        },
        {
            "start": "/c/en/2,4,6_trinitromethylbenzene/n",
            "end": "/c/en/tritolo",
            "rel": "Synonym",
            "weight": 1.0,
            "surface_text": ""
        },
        {
            "start": "/c/en/2,4,6_trinitromethylbenzene/n",
            "end": "/c/en/triton",
            "rel": "Synonym",
            "weight": 1.0,
            "surface_text": ""
        },
        {
            "start": "/c/en/2,4,6_trinitromethylbenzene/n",
            "end": "/c/en/tritone",
            "rel": "Synonym",
            "weight": 1.0,
            "surface_text": ""
        },
        {
            "start": "/c/en/2,4,6_trinitromethylbenzene/n",
            "end": "/c/en/trotol",
            "rel": "Synonym",
            "weight": 1.0,
            "surface_text": ""
        },
        {
            "start": "/c/en/2,4,6_trinitromethylbenzene/n",
            "end": "/c/en/trotyl",
            "rel": "Synonym",
            "weight": 1.0,
            "surface_text": ""
        }
    ],
    "2170": [
        {
            "start": "/c/en/2170/n",
            "end": "/c/en/21700",
            "rel": "Synonym",
            "weight": 1.0,
            "surface_text": ""
        }
    ],
    "21700": [
        {
            "start": "/c/en/21700/n",
            "end": "/c/en/2170",
            "rel": "Synonym",
            "weight": 1.0,
            "surface_text": ""
        }
    ],
    "22_caliber": [
        {
            "start": "/c/en/22_caliber/a/wn",
            "end": "/c/en/22_caliber/a/wn",
            "rel": "Synonym",
            "weight": 2.0,
            "surface_text": "[[.22-caliber]] is a synonym of [[.22 caliber]]"
        }
    ],
    "22_calibre": [
        {
            "start": "/c/en/22_calibre/a/wn",
            "end": "/c/en/22_caliber/a/wn",
            "rel": "Synonym",
            "weight": 3.464,
            "surface_text": "[[.22 calibre]] is a synonym of [[.22 caliber]]"
        }
    ],
    "24_hour_interval": [
        {
            "start": "/c/en/24_hour_interval/n/wn/time",
            "end": "/c/en/day/n/wn/time",
            "rel": "Synonym",
            "weight": 2.0,
            "surface_text": "[[24-hour interval]] is a synonym of [[day]]"
        }
    ],
    "2_8_2": [
        {
            "start": "/c/en/2_8_2/n",
            "end": "/c/en/mikado",
            "rel": "Synonym",
            "weight": 1.0,
            "surface_text": ""
        }
    ],
    "2_8_4": [
        {
            "start": "/c/en/2_8_4/n",
            "end": "/c/en/berkshire",
            "rel": "Synonym",
            "weight": 1.0,
            "surface_text": ""
        }
    ],
    "2_8_8_4": [
        {
            "start": "/c/en/2_8_8_4/n",
            "end": "/c/en/yellowstone",
            "rel": "Synonym",
            "weight": 1.0,
            "surface_text": ""
        }
    ],
    "2_chr": [
        {
            "start": "/c/en/2_chr/n",
            "end": "/c/en/2_chron",
            "rel": "Synonym",
            "weight": 1.0,
            "surface_text": ""
        }
    ],
    "2_chron": [
        {
            "start": "/c/en/2_chron/n",
            "end": "/c/en/2_chr",
            "rel": "Synonym",
            "weight": 1.0,
            "surface_text": ""
        }
    ],
    "2_esdras": [
        {
            "start": "/c/en/2_esdras/n/wn/communication",
            "end": "/c/en/ii_esdras/n/wn/communication",
            "rel": "Synonym",
            "weight": 2.0,
            "surface_text": "[[2 Esdras]] is a synonym of [[II Esdras]]"
        }
    ],
    "2_hitter": [
        {
            "start": "/c/en/2_hitter/n/wn/act",
            "end": "/c/en/two_hitter/n/wn/act",
            "rel": "Synonym",
            "weight": 2.0,
            "surface_text": "[[2-hitter]] is a synonym of [[two-hitter]]"
        }
    ],
    "2_hydroxybenzoic_acid": [
        {
            "start": "/c/en/2_hydroxybenzoic_acid/n/wn/substance",
            "end": "/c/en/salicylic_acid/n/wn/substance",
            "rel": "Synonym",
            "weight": 2.0,
            "surface_text": "[[2-hydroxybenzoic acid]] is a synonym of [[salicylic acid]]"
        }
    ],
    "2_maccabees": [
        {
            "start": "/c/en/2_maccabees/n/wn/communication",
            "end": "/c/en/ii_maccabees/n/wn/communication",
            "rel": "Synonym",
            "weight": 2.0,
            "surface_text": "[[2 Maccabees]] is a synonym of [[II Maccabees]]"
        }
    ],
    "2_methyl_1,3,5_trinitrobenzene": [
        {
            "start": "/c/en/2_methyl_1,3,5_trinitrobenzene/n",
            "end": "/c/en/2,4,6_trinitromethylbenzene",
            "rel": "Synonym",
            "weight": 1.0,
            "surface_text": ""
        },
        {
            "start": "/c/en/2_methyl_1,3,5_trinitrobenzene/n",
            "end": "/c/en/tolite",
            "rel": "Synonym",
            "weight": 1.0,
            "surface_text": ""
        },
        {
            "start": "/c/en/2_methyl_1,3,5_trinitrobenzene/n",
            "end": "/c/en/trilite",
            "rel": "Synonym",
            "weight": 1.0,
            "surface_text": ""
        },
        {
            "start": "/c/en/2_methyl_1,3,5_trinitrobenzene/n",
            "end": "/c/en/trinitrotoluene",
            "rel": "Synonym",
            "weight": 1.0,
            "surface_text": ""
        },
        {
            "start": "/c/en/2_methyl_1,3,5_trinitrobenzene/n",
            "end": "/c/en/trinitrotoluol",
            "rel": "Synonym",
            "weight": 1.0,
            "surface_text": ""
        },
        {
            "start": "/c/en/2_methyl_1,3,5_trinitrobenzene/n",
            "end": "/c/en/trinol",
            "rel": "Synonym",
            "weight": 1.0,
            "surface_text": ""
        },
        {
            "start": "/c/en/2_methyl_1,3,5_trinitrobenzene/n",
            "end": "/c/en/tritol",
            "rel": "Synonym",
            "weight": 1.0,
            "surface_text": ""
        },
        {
            "start": "/c/en/2_methyl_1,3,5_trinitrobenzene/n",
            "end": "/c/en/tritolo",
            "rel": "Synonym",
            "weight": 1.0,
            "surface_text": ""
        },
        {
            "start": "/c/en/2_methyl_1,3,5_trinitrobenzene/n",
            "end": "/c/en/triton",
            "rel": "Synonym",
            "weight": 1.0,
            "surface_text": ""
        },
        {
            "start": "/c/en/2_methyl_1,3,5_trinitrobenzene/n",
            "end": "/c/en/tritone",
            "rel": "Synonym",
            "weight": 1.0,
            "surface_text": ""
        },
        {
            "start": "/c/en/2_methyl_1,3,5_trinitrobenzene/n",
            "end": "/c/en/trotol",
            "rel": "Synonym",
            "weight": 1.0,
            "surface_text": ""
        },
        {
            "start": "/c/en/2_methyl_1,3,5_trinitrobenzene/n",
            "end": "/c/en/trotyl",
            "rel": "Synonym",
            "weight": 1.0,
            "surface_text": ""
        }
    ],
    "2_methylpropenoic_acid": [
        {
            "start": "/c/en/2_methylpropenoic_acid/n/wn/substance",
            "end": "/c/en/methacrylic_acid/n/wn/substance",
            "rel": "Synonym",
            "weight": 2.0,
            "surface_text": "[[2-methylpropenoic acid]] is a synonym of [[methacrylic acid]]"
        }
    ],
    "2d": [
        {
            "start": "/c/en/2d",
            "end": "/c/en/2nd",
            "rel": "Synonym",
            "weight": 1.0,
            "surface_text": ""
        },
        {
            "start": "/c/en/2d/a/wn",
            "end": "/c/en/2nd/a/wn",
            "rel": "Synonym",
            "weight": 2.0,
            "surface_text": "[[2d]] is a synonym of [[2nd]]"
        }
    ],
    "2nd_lieutenant": [
        {
            "start": "/c/en/2nd_lieutenant/n/wn/person",
            "end": "/c/en/second_lieutenant/n/wn/person",
            "rel": "Synonym",
            "weight": 2.0,
            "surface_text": "[[2nd lieutenant]] is a synonym of [[second lieutenant]]"
        }
    ],
    "2wd": [
        {
            "start": "/c/en/2wd",
            "end": "/c/en/4x2",
            "rel": "Synonym",
            "weight": 1.0,
            "surface_text": ""
        }
    ]
}