{
    "32_teeth": [
        {
            "start": "/c/en/32_teeth",
            "end": "/c/en/mouth",
            "rel": "AtLocation",
            "weight": 1.0,
            "surface_text": "You are likely to find [[32 teeth]] in [[your mouth]]."
        },
        {
            "start": "/c/en/32_teeth",
            "end": "/c/en/common",
            "rel": "IsA",
            "weight": 1.0,
            "surface_text": "[[32 teeth]] is [[a common]]"
        }
    ],
    "3_hole_punch": [
        {
            "start": "/c/en/3_hole_punch",
            "end": "/c/en/desk",
            "rel": "AtLocation",
            "weight": 1.0,
            "surface_text": "*Something you find on [[a desk]] is [[a 3-hole punch]]"
        },
        {
            "start": "/c/en/3_hole_punch",
            "end": "/c/en/alive",
            "rel": "NotHasProperty",
            "weight": 1.0,
            "surface_text": "[[A 3-hole punch]] is not [[alive]]"
        }
    ],
    "3_in_1_oil": [
        {
            "start": "/c/en/3_in_1_oil",
            "end": "/c/en/cabinet",
            "rel": "AtLocation",
            "weight": 1.0,
            "surface_text": "*Something you find in [[a cabinet]] is [[3-in-1 oil]]"
        }
    ],
    "3x5_cards": [
        {
            "start": "/c/en/3x5_cards",
            "end": "/c/en/cabinet",
            "rel": "AtLocation",
            "weight": 1.0,
            "surface_text": "*Something you find in [[a cabinet]] is [[3X5 cards]]"
        }
    ],
    "357_magnum": [
        {
            "start": "/c/en/357_magnum",
            "end": "/c/en/agree_with",
            "rel": "CausesDesire",
            "weight": 1.0,
            "surface_text": "[[A .357 magnum]] would make you want to [[agree with someone]]"
        }
    ],
    "32_bit": [
        {
            "start": "/c/en/32_bit",
            "end": "/c/en/bit/n/wikt/en_3",
            "rel": "DerivedFrom",
            "weight": 1.0,
            "surface_text": ""
        }
    ],
    "32mo": [
        {
            "start": "/c/en/32mo",
            "end": "/c/en/32",
            "rel": "DerivedFrom",
            "weight": 1.0,
            "surface_text": ""
        },
        {
            "start": "/c/en/32mo/n",
            "end": "/c/en/paper",
            "rel": "HasContext",
            "weight": 1.0,
            "surface_text": ""
        },
        {
            "start": "/c/en/32mo/n",
            "end": "/c/en/printing",
            "rel": "HasContext",
            "weight": 1.0,
            "surface_text": ""
        },
        {
            "start": "/c/en/32mo/n",
            "end": "/c/en/trigesimo_secundo",
            "rel": "Synonym",
            "weight": 1.0,
            "surface_text": ""
        }
    ],
    "360_degree_feedback": [
        {
            "start": "/c/en/360_degree_feedback",
            "end": "/c/en/360_degree/a",
            "rel": "DerivedFrom",
            "weight": 1.0,
            "surface_text": ""
        }
    ],
    "3_adenylic_acid": [
        {
            "start": "/c/en/3_adenylic_acid",
            "end": "/c/en/adenylic_acid/n",
            "rel": "DerivedFrom",
            "weight": 1.0,
            "surface_text": ""
        }
    ],
    "3_joh": [
        {
            "start": "/c/en/3_joh",
            "end": "/c/en/joh/n",
            "rel": "DerivedFrom",
            "weight": 1.0,
            "surface_text": ""
        }
    ],
    "3d_printer": [
        {
            "start": "/c/en/3d_printer",
            "end": "/c/en/3d_print/v",
            "rel": "DerivedFrom",
            "weight": 1.0,
            "surface_text": ""
        },
        {
            "start": "/c/en/3d_printer/n",
            "end": "/c/en/hardware",
            "rel": "HasContext",
            "weight": 1.0,
            "surface_text": ""
        },
        {
            "start": "/c/en/3d_printer/n",
            "end": "/c/en/printing",
            "rel": "HasContext",
            "weight": 1.0,
            "surface_text": ""
        },
        {
            "start": "/c/en/3d_printer",
            "end": "/c/en/printer/n",
            "rel": "IsA",
            "weight": 1.0,
            "surface_text": ""
        },
        {
            "start": "/c/en/3d_printer/n",
            "end": "/c/en/printer",
            "rel": "IsA",
            "weight": 2.0,
            "surface_text": ""
        }
    ],
    "3d_projection": [
        {
            "start": "/c/en/3d_projection",
            "end": "/c/en/projection/n",
            "rel": "DerivedFrom",
            "weight": 1.0,
            "surface_text": ""
        }
    ],
    "3d_scanner": [
        {
            "start": "/c/en/3d_scanner",
            "end": "/c/en/scanner/n",
            "rel": "DerivedFrom",
            "weight": 1.0,
            "surface_text": ""
        }
    ],
    "3dtds": [
        {
            "start": "/c/en/3dtds",
            "end": "/c/en/tds",
            "rel": "DerivedFrom",
            "weight": 1.0,
            "surface_text": ""
        }
    ],
    "303s": [
        {
            "start": "/c/en/303s/n",
            "end": "/c/en/303",
            "rel": "FormOf",
            "weight": 1.0,
            "surface_text": ""
        }
    ],
    "30_s": [
        {
            "start": "/c/en/30_s/n",
            "end": "/c/en/30s",
            "rel": "FormOf",
            "weight": 1.0,
            "surface_text": ""
        }
    ],
    "32mos": [
        {
            "start": "/c/en/32mos/n",
            "end": "/c/en/32mo",
            "rel": "FormOf",
            "weight": 1.0,
            "surface_text": ""
        }
    ],
    "32nd_notes": [
        {
            "start": "/c/en/32nd_notes/n",
            "end": "/c/en/32nd_note",
            "rel": "FormOf",
            "weight": 1.0,
            "surface_text": ""
        }
    ],
    "32s": [
        {
            "start": "/c/en/32s/n",
            "end": "/c/en/32",
            "rel": "FormOf",
            "weight": 1.0,
            "surface_text": ""
        }
    ],
    "32ºs": [
        {
            "start": "/c/en/32ºs/n",
            "end": "/c/en/32º",
            "rel": "FormOf",
            "weight": 1.0,
            "surface_text": ""
        }
    ],
    "33_s": [
        {
            "start": "/c/en/33_s/n",
            "end": "/c/en/33",
            "rel": "FormOf",
            "weight": 1.0,
            "surface_text": ""
        }
    ],
    "33s": [
        {
            "start": "/c/en/33s/n",
            "end": "/c/en/33",
            "rel": "FormOf",
            "weight": 1.0,
            "surface_text": ""
        }
    ],
    "360_backflips": [
        {
            "start": "/c/en/360_backflips/n",
            "end": "/c/en/360_backflip",
            "rel": "FormOf",
            "weight": 1.0,
            "surface_text": ""
        }
    ],
    "360_degree_feedbacks": [
        {
            "start": "/c/en/360_degree_feedbacks/n",
            "end": "/c/en/360_degree_feedback",
            "rel": "FormOf",
            "weight": 1.0,
            "surface_text": ""
        }
    ],
    "360_no_scope": [
        {
            "start": "/c/en/360_no_scope/n",
            "end": "/c/en/360_noscope",
            "rel": "FormOf",
            "weight": 2.0,
            "surface_text": ""
        }
    ],
    "360s": [
        {
            "start": "/c/en/360s/n",
            "end": "/c/en/360",
            "rel": "FormOf",
            "weight": 1.0,
            "surface_text": ""
        }
    ],
    "38s": [
        {
            "start": "/c/en/38s/n",
            "end": "/c/en/38",
            "rel": "FormOf",
            "weight": 1.0,
            "surface_text": ""
        }
    ],
    "3_4_brother": [
        {
            "start": "/c/en/3_4_brother/n",
            "end": "/c/en/three_quarter_brother",
            "rel": "FormOf",
            "weight": 1.0,
            "surface_text": ""
        }
    ],
    "3_4_brothers": [
        {
            "start": "/c/en/3_4_brothers/n",
            "end": "/c/en/3_4_brother",
            "rel": "FormOf",
            "weight": 1.0,
            "surface_text": ""
        }
    ],
    "3_4_sibling": [
        {
            "start": "/c/en/3_4_sibling/n",
            "end": "/c/en/three_quarter_sibling",
            "rel": "FormOf",
            "weight": 1.0,
            "surface_text": ""
        }
    ],
    "3_4_siblings": [
        {
            "start": "/c/en/3_4_siblings/n",
            "end": "/c/en/3_4_sibling",
            "rel": "FormOf",
            "weight": 1.0,
            "surface_text": ""
        }
    ],
    "3_4_sister": [
        {
            "start": "/c/en/3_4_sister/n",
            "end": "/c/en/three_quarter_sister",
            "rel": "FormOf",
            "weight": 1.0,
            "surface_text": ""
        }
    ],
    "3_4_sisters": [
        {
            "start": "/c/en/3_4_sisters/n",
            "end": "/c/en/3_4_sister",
            "rel": "FormOf",
            "weight": 1.0,
            "surface_text": ""
        }
    ],
    "3_amigos": [
        {
            "start": "/c/en/3_amigos/n",
            "end": "/c/en/three_amigos",
            "rel": "FormOf",
            "weight": 1.0,
            "surface_text": ""
        }
    ],
    "3_card_monte": [
        {
            "start": "/c/en/3_card_monte/n",
            "end": "/c/en/three_card_monte",
            "rel": "FormOf",
            "weight": 2.0,
            "surface_text": ""
        }
    ],
    "3_dimensional": [
        {
            "start": "/c/en/3_dimensional/a",
            "end": "/c/en/three_dimensional",
            "rel": "FormOf",
            "weight": 1.0,
            "surface_text": ""
        },
        {
            "start": "/c/en/3_dimensional/a/wn",
            "end": "/c/en/multidimensional/a/wn",
            "rel": "SimilarTo",
            "weight": 2.0,
            "surface_text": "[[3-dimensional]] is similar to [[multidimensional]]"
        }
    ],
    "3_ends": [
        {
            "start": "/c/en/3_ends/n",
            "end": "/c/en/3_end",
            "rel": "FormOf",
            "weight": 1.0,
            "surface_text": ""
        }
    ],
    "3_nixes": [
        {
            "start": "/c/en/3_nixes",
            "end": "/c/en/nix/n",
            "rel": "FormOf",
            "weight": 1.0,
            "surface_text": ""
        }
    ],
    "3_on_tree": [
        {
            "start": "/c/en/3_on_tree/n",
            "end": "/c/en/three_on_tree",
            "rel": "FormOf",
            "weight": 1.0,
            "surface_text": ""
        }
    ],
    "3_revert_rule": [
        {
            "start": "/c/en/3_revert_rule/n",
            "end": "/c/en/three_revert_rule",
            "rel": "FormOf",
            "weight": 1.0,
            "surface_text": ""
        }
    ],
    "3cs": [
        {
            "start": "/c/en/3cs/n",
            "end": "/c/en/3c",
            "rel": "FormOf",
            "weight": 2.0,
            "surface_text": ""
        }
    ],
    "3d_jobs": [
        {
            "start": "/c/en/3d_jobs/n",
            "end": "/c/en/3d_job",
            "rel": "FormOf",
            "weight": 1.0,
            "surface_text": ""
        }
    ],
    "3d_printers": [
        {
            "start": "/c/en/3d_printers",
            "end": "/c/en/3d_printer/n",
            "rel": "FormOf",
            "weight": 1.0,
            "surface_text": ""
        },
        {
            "start": "/c/en/3d_printers/n",
            "end": "/c/en/3d_printer",
            "rel": "FormOf",
            "weight": 1.0,
            "surface_text": ""
        }
    ],
    "3d_scanners": [
        {
            "start": "/c/en/3d_scanners/n",
            "end": "/c/en/3d_scanner",
            "rel": "FormOf",
            "weight": 1.0,
            "surface_text": ""
        }
    ],
    "3d_ultrasounds": [
        {
            "start": "/c/en/3d_ultrasounds/n",
            "end": "/c/en/3d_ultrasound",
            "rel": "FormOf",
            "weight": 1.0,
            "surface_text": ""
        }
    ],
    "3gls": [
        {
            "start": "/c/en/3gls/n",
            "end": "/c/en/3gl",
            "rel": "FormOf",
            "weight": 1.0,
            "surface_text": ""
        }
    ],
    "3ots": [
        {
            "start": "/c/en/3ots/n",
            "end": "/c/en/3ot",
            "rel": "FormOf",
            "weight": 1.0,
            "surface_text": ""
        }
    ],
    "3ps": [
        {
            "start": "/c/en/3ps/n",
            "end": "/c/en/3p",
            "rel": "FormOf",
            "weight": 1.0,
            "surface_text": ""
        }
    ],
    "3rded": [
        {
            "start": "/c/en/3rded/v",
            "end": "/c/en/3rd",
            "rel": "FormOf",
            "weight": 1.0,
            "surface_text": ""
        }
    ],
    "3rding": [
        {
            "start": "/c/en/3rding/v",
            "end": "/c/en/3rd",
            "rel": "FormOf",
            "weight": 1.0,
            "surface_text": ""
        }
    ],
    "3rds": [
        {
            "start": "/c/en/3rds/v",
            "end": "/c/en/3rd",
            "rel": "FormOf",
            "weight": 1.0,
            "surface_text": ""
        }
    ],
    "3s": [
        {
            "start": "/c/en/3s/n",
            "end": "/c/en/3",
            "rel": "FormOf",
            "weight": 1.0,
            "surface_text": ""
        }
    ],
    "3000_malaysian_companies": [
        {
            "start": "/c/en/3000_malaysian_companies",
            "end": "/c/en/obtained_iso_certification",
            "rel": "HasA",
            "weight": 1.0,
            "surface_text": "[[3000 Malaysian companies]] have [[obtained ISO certification]]"
        }
    ],
    "355f_keep_distance": [
        {
            "start": "/c/en/355f_keep_distance",
            "end": "/c/en/better_overview",
            "rel": "HasA",
            "weight": 1.0,
            "surface_text": "[[355f you keep a distance you]] have [[a better overview]]"
        }
    ],
    "3": [
        {
            "start": "/c/en/3/n",
            "end": "/c/en/military",
            "rel": "HasContext",
            "weight": 1.0,
            "surface_text": ""
        },
        {
            "start": "/c/en/3",
            "end": "/c/en/spelled_three",
            "rel": "HasProperty",
            "weight": 1.0,
            "surface_text": "[[\"3\"]] is [[spelled three]]"
        },
        {
            "start": "/c/en/3",
            "end": "/c/en/characters",
            "rel": "IsA",
            "weight": 1.0,
            "surface_text": ""
        },
        {
            "start": "/c/en/3",
            "end": "/c/en/higher_number_than_2",
            "rel": "IsA",
            "weight": 1.0,
            "surface_text": "[[3]] is [[a higher number than 2]]"
        },
        {
            "start": "/c/en/3",
            "end": "/c/en/nuber",
            "rel": "IsA",
            "weight": 1.0,
            "surface_text": "[[3]] is [[a nuber]]"
        },
        {
            "start": "/c/en/3/a/wn",
            "end": "/c/en/cardinal/a/wn",
            "rel": "SimilarTo",
            "weight": 2.0,
            "surface_text": "[[3]] is similar to [[cardinal]]"
        },
        {
            "start": "/c/en/3/n/wn/quantity",
            "end": "/c/en/three/n/wn/quantity",
            "rel": "Synonym",
            "weight": 2.0,
            "surface_text": "[[3]] is a synonym of [[three]]"
        }
    ],
    "30": [
        {
            "start": "/c/en/30",
            "end": "/c/en/telecommunications",
            "rel": "HasContext",
            "weight": 1.0,
            "surface_text": ""
        },
        {
            "start": "/c/en/30",
            "end": "/c/en/thirty",
            "rel": "HasProperty",
            "weight": 1.0,
            "surface_text": "[[30]] is [[thirty]]"
        },
        {
            "start": "/c/en/30/a/wn",
            "end": "/c/en/cardinal/a/wn",
            "rel": "SimilarTo",
            "weight": 2.0,
            "surface_text": "[[30]] is similar to [[cardinal]]"
        },
        {
            "start": "/c/en/30/n/wn/quantity",
            "end": "/c/en/thirty/n/wn/quantity",
            "rel": "Synonym",
            "weight": 2.0,
            "surface_text": "[[30]] is a synonym of [[thirty]]"
        }
    ],
    "303": [
        {
            "start": "/c/en/303/n",
            "end": "/c/en/firearms",
            "rel": "HasContext",
            "weight": 1.0,
            "surface_text": ""
        }
    ],
    "32": [
        {
            "start": "/c/en/32/n",
            "end": "/c/en/military",
            "rel": "HasContext",
            "weight": 1.0,
            "surface_text": ""
        },
        {
            "start": "/c/en/32/a/wn",
            "end": "/c/en/cardinal/a/wn",
            "rel": "SimilarTo",
            "weight": 2.0,
            "surface_text": "[[32]] is similar to [[cardinal]]"
        }
    ],
    "32_county": [
        {
            "start": "/c/en/32_county/a",
            "end": "/c/en/british",
            "rel": "HasContext",
            "weight": 1.0,
            "surface_text": ""
        },
        {
            "start": "/c/en/32_county/a",
            "end": "/c/en/ireland",
            "rel": "HasContext",
            "weight": 1.0,
            "surface_text": ""
        }
    ],
    "32nd_note": [
        {
            "start": "/c/en/32nd_note/n",
            "end": "/c/en/music",
            "rel": "HasContext",
            "weight": 1.0,
            "surface_text": ""
        },
        {
            "start": "/c/en/32nd_note/n",
            "end": "/c/en/us",
            "rel": "HasContext",
            "weight": 1.0,
            "surface_text": ""
        },
        {
            "start": "/c/en/32nd_note/n",
            "end": "/c/en/demisemiquaver",
            "rel": "Synonym",
            "weight": 1.0,
            "surface_text": ""
        }
    ],
    "360": [
        {
            "start": "/c/en/360/n/wikt/en_2",
            "end": "/c/en/video_games",
            "rel": "HasContext",
            "weight": 1.0,
            "surface_text": ""
        },
        {
            "start": "/c/en/360/n/wikt/en_1",
            "end": "/c/en/1080",
            "rel": "SimilarTo",
            "weight": 1.0,
            "surface_text": ""
        },
        {
            "start": "/c/en/360/n/wikt/en_1",
            "end": "/c/en/1260",
            "rel": "SimilarTo",
            "weight": 1.0,
            "surface_text": ""
        },
        {
            "start": "/c/en/360/n/wikt/en_1",
            "end": "/c/en/1440",
            "rel": "SimilarTo",
            "weight": 1.0,
            "surface_text": ""
        },
        {
            "start": "/c/en/360/n/wikt/en_1",
            "end": "/c/en/1620",
            "rel": "SimilarTo",
            "weight": 1.0,
            "surface_text": ""
        },
        {
            "start": "/c/en/360/n/wikt/en_1",
            "end": "/c/en/180",
            "rel": "SimilarTo",
            "weight": 1.0,
            "surface_text": ""
        },
        {
            "start": "/c/en/360/n/wikt/en_1",
            "end": "/c/en/1800",
            "rel": "SimilarTo",
            "weight": 1.0,
            "surface_text": ""
        },
        {
            "start": "/c/en/360/n/wikt/en_1",
            "end": "/c/en/540",
            "rel": "SimilarTo",
            "weight": 1.0,
            "surface_text": ""
        },
        {
            "start": "/c/en/360/n/wikt/en_1",
            "end": "/c/en/720",
            "rel": "SimilarTo",
            "weight": 1.0,
            "surface_text": ""
        },
        {
            "start": "/c/en/360/n/wikt/en_1",
            "end": "/c/en/900",
            "rel": "SimilarTo",
            "weight": 1.0,
            "surface_text": ""
        }
    ],
    "360_noscope": [
        {
            "start": "/c/en/360_noscope/n",
            "end": "/c/en/slang",
            "rel": "HasContext",
            "weight": 1.0,
            "surface_text": ""
        },
        {
            "start": "/c/en/360_noscope/n",
            "end": "/c/en/video_games",
            "rel": "HasContext",
            "weight": 1.0,
            "surface_text": ""
        }
    ],
    "3_1_1": [
        {
            "start": "/c/en/3_1_1/n",
            "end": "/c/en/us",
            "rel": "HasContext",
            "weight": 1.0,
            "surface_text": ""
        }
    ],
    "3_1_3": [
        {
            "start": "/c/en/3_1_3/n",
            "end": "/c/en/slang",
            "rel": "HasContext",
            "weight": 1.0,
            "surface_text": ""
        }
    ],
    "3_4": [
        {
            "start": "/c/en/3_4/n",
            "end": "/c/en/music",
            "rel": "HasContext",
            "weight": 1.0,
            "surface_text": ""
        },
        {
            "start": "/c/en/3_4/n",
            "end": "/c/en/2_2",
            "rel": "SimilarTo",
            "weight": 1.0,
            "surface_text": ""
        },
        {
            "start": "/c/en/3_4/n",
            "end": "/c/en/2_4",
            "rel": "SimilarTo",
            "weight": 1.0,
            "surface_text": ""
        },
        {
            "start": "/c/en/3_4/n",
            "end": "/c/en/4_4",
            "rel": "SimilarTo",
            "weight": 1.0,
            "surface_text": ""
        },
        {
            "start": "/c/en/3_4/n",
            "end": "/c/en/6_8",
            "rel": "SimilarTo",
            "weight": 1.0,
            "surface_text": ""
        },
        {
            "start": "/c/en/3_4/n",
            "end": "/c/en/waltz",
            "rel": "Synonym",
            "weight": 1.0,
            "surface_text": ""
        }
    ],
    "3_end": [
        {
            "start": "/c/en/3_end/n",
            "end": "/c/en/biochemistry",
            "rel": "HasContext",
            "weight": 1.0,
            "surface_text": ""
        },
        {
            "start": "/c/en/3_end/n",
            "end": "/c/en/genetics",
            "rel": "HasContext",
            "weight": 1.0,
            "surface_text": ""
        }
    ],
    "3_john": [
        {
            "start": "/c/en/3_john/n",
            "end": "/c/en/biblical",
            "rel": "HasContext",
            "weight": 1.0,
            "surface_text": ""
        }
    ],
    "3_kings": [
        {
            "start": "/c/en/3_kings/n",
            "end": "/c/en/biblical",
            "rel": "HasContext",
            "weight": 1.0,
            "surface_text": ""
        }
    ],
    "3c": [
        {
            "start": "/c/en/3c/n",
            "end": "/c/en/military_rank",
            "rel": "HasContext",
            "weight": 1.0,
            "surface_text": ""
        }
    ],
    "3d_cir": [
        {
            "start": "/c/en/3d_cir/n",
            "end": "/c/en/legal",
            "rel": "HasContext",
            "weight": 1.0,
            "surface_text": ""
        }
    ],
    "3d_ic": [
        {
            "start": "/c/en/3d_ic/n",
            "end": "/c/en/electronics",
            "rel": "HasContext",
            "weight": 1.0,
            "surface_text": ""
        }
    ],
    "3d_pen": [
        {
            "start": "/c/en/3d_pen/n",
            "end": "/c/en/arts",
            "rel": "HasContext",
            "weight": 1.0,
            "surface_text": ""
        },
        {
            "start": "/c/en/3d_pen/n",
            "end": "/c/en/3doodler",
            "rel": "Synonym",
            "weight": 1.0,
            "surface_text": ""
        }
    ],
    "3d_print": [
        {
            "start": "/c/en/3d_print/v",
            "end": "/c/en/printing",
            "rel": "HasContext",
            "weight": 1.0,
            "surface_text": ""
        }
    ],
    "3des": [
        {
            "start": "/c/en/3des/n",
            "end": "/c/en/cryptography",
            "rel": "HasContext",
            "weight": 1.0,
            "surface_text": ""
        }
    ],
    "3gl": [
        {
            "start": "/c/en/3gl/n",
            "end": "/c/en/programming",
            "rel": "HasContext",
            "weight": 1.0,
            "surface_text": ""
        }
    ],
    "3gpp": [
        {
            "start": "/c/en/3gpp/n",
            "end": "/c/en/electronics",
            "rel": "HasContext",
            "weight": 1.0,
            "surface_text": ""
        }
    ],
    "3ot": [
        {
            "start": "/c/en/3ot/n",
            "end": "/c/en/sports",
            "rel": "HasContext",
            "weight": 1.0,
            "surface_text": ""
        }
    ],
    "3p": [
        {
            "start": "/c/en/3p/n",
            "end": "/c/en/slang",
            "rel": "HasContext",
            "weight": 1.0,
            "surface_text": ""
        }
    ],
    "3rr": [
        {
            "start": "/c/en/3rr/n",
            "end": "/c/en/wmf",
            "rel": "HasContext",
            "weight": 1.0,
            "surface_text": ""
        }
    ],
    "300": [
        {
            "start": "/c/en/300",
            "end": "/c/en/three_hundred",
            "rel": "HasProperty",
            "weight": 1.0,
            "surface_text": "[[300]] is [[three hundred]]"
        },
        {
            "start": "/c/en/300/a/wn",
            "end": "/c/en/cardinal/a/wn",
            "rel": "SimilarTo",
            "weight": 2.0,
            "surface_text": "[[300]] is similar to [[cardinal]]"
        }
    ],
    "3,3_diaminobenzidine_tetrahydrochloride": [
        {
            "start": "/c/en/3,3_diaminobenzidine_tetrahydrochloride/n",
            "end": "/c/en/amine/n",
            "rel": "IsA",
            "weight": 1.0,
            "surface_text": ""
        }
    ],
    "3,4_methylenedioxymethamphetamine": [
        {
            "start": "/c/en/3,4_methylenedioxymethamphetamine",
            "end": "/c/en/methylenedioxymethamphetamine/n",
            "rel": "IsA",
            "weight": 1.0,
            "surface_text": ""
        }
    ],
    "3,5_dinitrobenzoic_acid": [
        {
            "start": "/c/en/3,5_dinitrobenzoic_acid/n",
            "end": "/c/en/benzoic_acid/n",
            "rel": "IsA",
            "weight": 1.0,
            "surface_text": ""
        }
    ],
    "3.0cs": [
        {
            "start": "/c/en/3.0cs/n",
            "end": "/c/en/bmw_automobile/n",
            "rel": "IsA",
            "weight": 1.0,
            "surface_text": ""
        }
    ],
    "3.5_inch_floppy_drive": [
        {
            "start": "/c/en/3.5_inch_floppy_drive/n",
            "end": "/c/en/floppy_drive/n",
            "rel": "IsA",
            "weight": 1.0,
            "surface_text": ""
        }
    ],
    "3.5_inch_m20_bazooka": [
        {
            "start": "/c/en/3.5_inch_m20_bazooka/n",
            "end": "/c/en/bazooka/n",
            "rel": "IsA",
            "weight": 1.0,
            "surface_text": ""
        }
    ],
    "300_series": [
        {
            "start": "/c/en/300_series/n",
            "end": "/c/en/desktop_computer/n",
            "rel": "IsA",
            "weight": 1.0,
            "surface_text": ""
        },
        {
            "start": "/c/en/300_series/n",
            "end": "/c/en/product/n/opencyc/manufactured_goods",
            "rel": "IsA",
            "weight": 1.0,
            "surface_text": ""
        }
    ],
    "30f_catheter": [
        {
            "start": "/c/en/30f_catheter/n",
            "end": "/c/en/catheter/n",
            "rel": "IsA",
            "weight": 1.0,
            "surface_text": ""
        }
    ],
    "31": [
        {
            "start": "/c/en/31",
            "end": "/c/en/weapon/n",
            "rel": "IsA",
            "weight": 1.0,
            "surface_text": ""
        },
        {
            "start": "/c/en/31/a/wn",
            "end": "/c/en/cardinal/a/wn",
            "rel": "SimilarTo",
            "weight": 2.0,
            "surface_text": "[[31]] is similar to [[cardinal]]"
        },
        {
            "start": "/c/en/31",
            "end": "/c/en/31",
            "rel": "Synonym",
            "weight": 1.0,
            "surface_text": ""
        }
    ],
    "31337": [
        {
            "start": "/c/en/31337",
            "end": "/c/en/slang_for_elite",
            "rel": "IsA",
            "weight": 1.0,
            "surface_text": "[[31337]] is [[slang for \"elite\"]]"
        }
    ],
    "318i": [
        {
            "start": "/c/en/318i/n",
            "end": "/c/en/bmw_automobile/n",
            "rel": "IsA",
            "weight": 1.0,
            "surface_text": ""
        }
    ],
    "31_inch_television_set": [
        {
            "start": "/c/en/31_inch_television_set/n",
            "end": "/c/en/television_set/n",
            "rel": "IsA",
            "weight": 1.0,
            "surface_text": ""
        }
    ],
    "31f_catheter": [
        {
            "start": "/c/en/31f_catheter/n",
            "end": "/c/en/catheter/n",
            "rel": "IsA",
            "weight": 1.0,
            "surface_text": ""
        }
    ],
    "323": [
        {
            "start": "/c/en/323/n",
            "end": "/c/en/bmw_automobile/n",
            "rel": "IsA",
            "weight": 1.0,
            "surface_text": ""
        }
    ],
    "32_bit_function": [
        {
            "start": "/c/en/32_bit_function/n",
            "end": "/c/en/coding_function/n",
            "rel": "IsA",
            "weight": 1.0,
            "surface_text": ""
        }
    ],
    "32_nm_soi_sti": [
        {
            "start": "/c/en/32_nm_soi_sti/n",
            "end": "/c/en/shallow_trench_isolation/n",
            "rel": "IsA",
            "weight": 1.0,
            "surface_text": ""
        }
    ],
    "32f_catheter": [
        {
            "start": "/c/en/32f_catheter/n",
            "end": "/c/en/catheter/n",
            "rel": "IsA",
            "weight": 1.0,
            "surface_text": ""
        }
    ],
    "33f_catheter": [
        {
            "start": "/c/en/33f_catheter/n",
            "end": "/c/en/catheter/n",
            "rel": "IsA",
            "weight": 1.0,
            "surface_text": ""
        }
    ],
    "34f_catheter": [
        {
            "start": "/c/en/34f_catheter/n",
            "end": "/c/en/catheter/n",
            "rel": "IsA",
            "weight": 1.0,
            "surface_text": ""
        }
    ],
    "35_inch_television_set": [
        {
            "start": "/c/en/35_inch_television_set/n",
            "end": "/c/en/television_set/n",
            "rel": "IsA",
            "weight": 1.0,
            "surface_text": ""
        }
    ],
    "35_millimeter_camera": [
        {
            "start": "/c/en/35_millimeter_camera/n",
            "end": "/c/en/still_camera/n",
            "rel": "IsA",
            "weight": 1.0,
            "surface_text": ""
        }
    ],
    "370z": [
        {
            "start": "/c/en/370z/n",
            "end": "/c/en/car/n",
            "rel": "IsA",
            "weight": 1.0,
            "surface_text": ""
        },
        {
            "start": "/c/en/370z/n",
            "end": "/c/en/gas_driven_automobile/n",
            "rel": "IsA",
            "weight": 1.0,
            "surface_text": ""
        },
        {
            "start": "/c/en/370z/n",
            "end": "/c/en/nissan_vehicle/n",
            "rel": "IsA",
            "weight": 1.0,
            "surface_text": ""
        },
        {
            "start": "/c/en/370z/n",
            "end": "/c/en/sports_car/n",
            "rel": "IsA",
            "weight": 1.0,
            "surface_text": ""
        }
    ],
    "370z_coupe": [
        {
            "start": "/c/en/370z_coupe/n",
            "end": "/c/en/370z/n",
            "rel": "IsA",
            "weight": 1.0,
            "surface_text": ""
        },
        {
            "start": "/c/en/370z_coupe/n",
            "end": "/c/en/car/n",
            "rel": "IsA",
            "weight": 1.0,
            "surface_text": ""
        },
        {
            "start": "/c/en/370z_coupe/n",
            "end": "/c/en/gas_driven_automobile/n",
            "rel": "IsA",
            "weight": 1.0,
            "surface_text": ""
        },
        {
            "start": "/c/en/370z_coupe/n",
            "end": "/c/en/sports_car/n",
            "rel": "IsA",
            "weight": 1.0,
            "surface_text": ""
        }
    ],
    "380_pistol": [
        {
            "start": "/c/en/380_pistol/n",
            "end": "/c/en/handgun/n",
            "rel": "IsA",
            "weight": 1.0,
            "surface_text": ""
        },
        {
            "start": "/c/en/380_pistol/n",
            "end": "/c/en/military_weapon/n",
            "rel": "IsA",
            "weight": 1.0,
            "surface_text": ""
        }
    ],
    "3_1_loan": [
        {
            "start": "/c/en/3_1_loan/n",
            "end": "/c/en/intermediate_adjustible_rate_loan/n",
            "rel": "IsA",
            "weight": 1.0,
            "surface_text": ""
        }
    ],
    "3_a.m": [
        {
            "start": "/c/en/3_a.m/n",
            "end": "/c/en/calendar_hour/n",
            "rel": "IsA",
            "weight": 1.0,
            "surface_text": ""
        }
    ],
    "3_carbon_sugar": [
        {
            "start": "/c/en/3_carbon_sugar/n",
            "end": "/c/en/disaccharide/n/opencyc/monosaccharide",
            "rel": "IsA",
            "weight": 1.0,
            "surface_text": ""
        }
    ],
    "3_gb_s_sas": [
        {
            "start": "/c/en/3_gb_s_sas/n",
            "end": "/c/en/sas/n",
            "rel": "IsA",
            "weight": 1.0,
            "surface_text": ""
        }
    ],
    "3_lisp": [
        {
            "start": "/c/en/3_lisp",
            "end": "/c/en/lisp/n",
            "rel": "IsA",
            "weight": 1.0,
            "surface_text": ""
        },
        {
            "start": "/c/en/3_lisp/n",
            "end": "/c/en/lisp",
            "rel": "IsA",
            "weight": 1.0,
            "surface_text": ""
        }
    ],
    "3_moderately_severe": [
        {
            "start": "/c/en/3_moderately_severe/n",
            "end": "/c/en/2_through_4/n",
            "rel": "IsA",
            "weight": 1.0,
            "surface_text": ""
        },
        {
            "start": "/c/en/3_moderately_severe/n",
            "end": "/c/en/3_through_4/n",
            "rel": "IsA",
            "weight": 1.0,
            "surface_text": ""
        },
        {
            "start": "/c/en/3_moderately_severe/n",
            "end": "/c/en/cardiac_valve_regurgitation/n",
            "rel": "IsA",
            "weight": 1.0,
            "surface_text": ""
        }
    ],
    "3_nitrobenzoic_acid": [
        {
            "start": "/c/en/3_nitrobenzoic_acid/n",
            "end": "/c/en/benzoic_acid/n",
            "rel": "IsA",
            "weight": 1.0,
            "surface_text": ""
        }
    ],
    "3_old": [
        {
            "start": "/c/en/3_old/n",
            "end": "/c/en/2_through_4/n",
            "rel": "IsA",
            "weight": 1.0,
            "surface_text": ""
        },
        {
            "start": "/c/en/3_old/n",
            "end": "/c/en/3_through_4/n",
            "rel": "IsA",
            "weight": 1.0,
            "surface_text": ""
        },
        {
            "start": "/c/en/3_old/n",
            "end": "/c/en/cardiac_valve_regurgitation/n",
            "rel": "IsA",
            "weight": 1.0,
            "surface_text": ""
        },
        {
            "start": "/c/en/3_old/n",
            "end": "/c/en/moderate_to_severe_condition/n",
            "rel": "IsA",
            "weight": 1.0,
            "surface_text": ""
        }
    ],
    "3_p.m": [
        {
            "start": "/c/en/3_p.m/n",
            "end": "/c/en/calendar_hour/n",
            "rel": "IsA",
            "weight": 1.0,
            "surface_text": ""
        }
    ],
    "3_phosphoglyceric_acid": [
        {
            "start": "/c/en/3_phosphoglyceric_acid/n",
            "end": "/c/en/molecule/n",
            "rel": "IsA",
            "weight": 1.0,
            "surface_text": ""
        },
        {
            "start": "/c/en/3_phosphoglyceric_acid/n",
            "end": "/c/en/organic_compound/n",
            "rel": "IsA",
            "weight": 1.0,
            "surface_text": ""
        }
    ],
    "3_ring_binder": [
        {
            "start": "/c/en/3_ring_binder/n",
            "end": "/c/en/binder/n",
            "rel": "IsA",
            "weight": 1.0,
            "surface_text": ""
        },
        {
            "start": "/c/en/3_ring_binder/n",
            "end": "/c/en/device_officeproduct_nonconsumable/n",
            "rel": "IsA",
            "weight": 1.0,
            "surface_text": ""
        },
        {
            "start": "/c/en/3_ring_binder/n",
            "end": "/c/en/tangible_thing/n",
            "rel": "IsA",
            "weight": 1.0,
            "surface_text": ""
        }
    ],
    "3_through_4": [
        {
            "start": "/c/en/3_through_4/n",
            "end": "/c/en/illness/n",
            "rel": "IsA",
            "weight": 1.0,
            "surface_text": ""
        },
        {
            "start": "/c/en/3_through_4/n",
            "end": "/c/en/regurgitation/n",
            "rel": "IsA",
            "weight": 1.0,
            "surface_text": ""
        }
    ],
    "3_way_sex": [
        {
            "start": "/c/en/3_way_sex/n",
            "end": "/c/en/group_orgy/n",
            "rel": "IsA",
            "weight": 1.0,
            "surface_text": ""
        },
        {
            "start": "/c/en/3_way_sex/n",
            "end": "/c/en/human_sexual_behavior/n",
            "rel": "IsA",
            "weight": 1.0,
            "surface_text": ""
        }
    ],
    "3d_cartesian_graph": [
        {
            "start": "/c/en/3d_cartesian_graph/n",
            "end": "/c/en/cartesian_graph/n",
            "rel": "IsA",
            "weight": 1.0,
            "surface_text": ""
        }
    ],
    "3d_polygon": [
        {
            "start": "/c/en/3d_polygon/n",
            "end": "/c/en/geometrical_figure/n",
            "rel": "IsA",
            "weight": 1.0,
            "surface_text": ""
        },
        {
            "start": "/c/en/3d_polygon/n",
            "end": "/c/en/simply_connected_thing/n",
            "rel": "IsA",
            "weight": 1.0,
            "surface_text": ""
        },
        {
            "start": "/c/en/3d_polygon/n",
            "end": "/c/en/three_dimensional_shape/n",
            "rel": "IsA",
            "weight": 1.0,
            "surface_text": ""
        }
    ],
    "3dfx_voodoo": [
        {
            "start": "/c/en/3dfx_voodoo/n",
            "end": "/c/en/graphics_accelerator_card/n",
            "rel": "IsA",
            "weight": 1.0,
            "surface_text": ""
        },
        {
            "start": "/c/en/3dfx_voodoo/n",
            "end": "/c/en/product/n/opencyc/manufactured_goods",
            "rel": "IsA",
            "weight": 1.0,
            "surface_text": ""
        }
    ],
    "3f_aortic_prosthesis": [
        {
            "start": "/c/en/3f_aortic_prosthesis/n",
            "end": "/c/en/valve_prosthesis/n/opencyc/cardiac_valve_prosthesis",
            "rel": "IsA",
            "weight": 1.0,
            "surface_text": ""
        }
    ],
    "3f_catheter": [
        {
            "start": "/c/en/3f_catheter/n",
            "end": "/c/en/catheter/n",
            "rel": "IsA",
            "weight": 1.0,
            "surface_text": ""
        }
    ],
    "3m": [
        {
            "start": "/c/en/3m",
            "end": "/c/en/large_corporation",
            "rel": "IsA",
            "weight": 1.0,
            "surface_text": "[[3M]] is [[a large corporation]]"
        }
    ],
    "3rd_degree_av_block": [
        {
            "start": "/c/en/3rd_degree_av_block/n",
            "end": "/c/en/cardiac_arrhythmia/n",
            "rel": "IsA",
            "weight": 1.0,
            "surface_text": ""
        }
    ],
    "3tc": [
        {
            "start": "/c/en/3tc/n",
            "end": "/c/en/medicine/n",
            "rel": "IsA",
            "weight": 1.0,
            "surface_text": ""
        },
        {
            "start": "/c/en/3tc/n",
            "end": "/c/en/nrti/n",
            "rel": "IsA",
            "weight": 1.0,
            "surface_text": ""
        },
        {
            "start": "/c/en/3tc/n/wn/artifact",
            "end": "/c/en/lamivudine/n/wn/artifact",
            "rel": "Synonym",
            "weight": 2.0,
            "surface_text": "[[3TC]] is a synonym of [[lamivudine]]"
        }
    ],
    "30_of_body": [
        {
            "start": "/c/en/30_of_body",
            "end": "/c/en/made_out_of_other_materials",
            "rel": "ReceivesAction",
            "weight": 1.0,
            "surface_text": "[[30% of our body]] is [[made out of other materials]]"
        }
    ],
    "3_metre_burning_bar": [
        {
            "start": "/c/en/3_metre_burning_bar",
            "end": "/c/en/consumed_in_about_five_minutes",
            "rel": "ReceivesAction",
            "weight": 1.0,
            "surface_text": "[[A 3-metre burning bar]] is [[consumed in about five minutes]]"
        }
    ],
    "3d_images": [
        {
            "start": "/c/en/3d_images",
            "end": "/c/en/viewed_with_special_glasses",
            "rel": "ReceivesAction",
            "weight": 1.0,
            "surface_text": "[[Some 3D images]] can be [[viewed with special glasses]]"
        }
    ],
    "300th": [
        {
            "start": "/c/en/300th/a/wn",
            "end": "/c/en/ordinal/a/wn",
            "rel": "SimilarTo",
            "weight": 2.0,
            "surface_text": "[[300th]] is similar to [[ordinal]]"
        }
    ],
    "30th": [
        {
            "start": "/c/en/30th/a/wn",
            "end": "/c/en/ordinal/a/wn",
            "rel": "SimilarTo",
            "weight": 2.0,
            "surface_text": "[[30th]] is similar to [[ordinal]]"
        }
    ],
    "31st": [
        {
            "start": "/c/en/31st/a/wn",
            "end": "/c/en/ordinal/a/wn",
            "rel": "SimilarTo",
            "weight": 2.0,
            "surface_text": "[[31st]] is similar to [[ordinal]]"
        }
    ],
    "32nd": [
        {
            "start": "/c/en/32nd/a/wn",
            "end": "/c/en/ordinal/a/wn",
            "rel": "SimilarTo",
            "weight": 2.0,
            "surface_text": "[[32nd]] is similar to [[ordinal]]"
        }
    ],
    "33": [
        {
            "start": "/c/en/33/a/wn",
            "end": "/c/en/cardinal/a/wn",
            "rel": "SimilarTo",
            "weight": 2.0,
            "surface_text": "[[33]] is similar to [[cardinal]]"
        }
    ],
    "33rd": [
        {
            "start": "/c/en/33rd/a/wn",
            "end": "/c/en/ordinal/a/wn",
            "rel": "SimilarTo",
            "weight": 2.0,
            "surface_text": "[[33rd]] is similar to [[ordinal]]"
        }
    ],
    "34": [
        {
            "start": "/c/en/34/a/wn",
            "end": "/c/en/cardinal/a/wn",
            "rel": "SimilarTo",
            "weight": 2.0,
            "surface_text": "[[34]] is similar to [[cardinal]]"
        }
    ],
    "34th": [
        {
            "start": "/c/en/34th/a/wn",
            "end": "/c/en/ordinal/a/wn",
            "rel": "SimilarTo",
            "weight": 2.0,
            "surface_text": "[[34th]] is similar to [[ordinal]]"
        }
    ],
    "35": [
        {
            "start": "/c/en/35/a/wn",
            "end": "/c/en/cardinal/a/wn",
            "rel": "SimilarTo",
            "weight": 2.0,
            "surface_text": "[[35]] is similar to [[cardinal]]"
        }
    ],
    "35th": [
        {
            "start": "/c/en/35th/a/wn",
            "end": "/c/en/ordinal/a/wn",
            "rel": "SimilarTo",
            "weight": 2.0,
            "surface_text": "[[35th]] is similar to [[ordinal]]"
        }
    ],
    "36": [
        {
            "start": "/c/en/36/a/wn",
            "end": "/c/en/cardinal/a/wn",
            "rel": "SimilarTo",
            "weight": 2.0,
            "surface_text": "[[36]] is similar to [[cardinal]]"
        }
    ],
    "36th": [
        {
            "start": "/c/en/36th/a/wn",
            "end": "/c/en/ordinal/a/wn",
            "rel": "SimilarTo",
            "weight": 2.0,
            "surface_text": "[[36th]] is similar to [[ordinal]]"
        }
    ],
    "37": [
        {
            "start": "/c/en/37/a/wn",
            "end": "/c/en/cardinal/a/wn",
            "rel": "SimilarTo",
            "weight": 2.0,
            "surface_text": "[[37]] is similar to [[cardinal]]"
        }
    ],
    "37th": [
        {
            "start": "/c/en/37th/a/wn",
            "end": "/c/en/ordinal/a/wn",
            "rel": "SimilarTo",
            "weight": 2.0,
            "surface_text": "[[37th]] is similar to [[ordinal]]"
        }
    ],
    "38": [
        {
            "start": "/c/en/38/a/wn",
            "end": "/c/en/cardinal/a/wn",
            "rel": "SimilarTo",
            "weight": 2.0,
            "surface_text": "[[38]] is similar to [[cardinal]]"
        }
    ],
    "38th": [
        {
            "start": "/c/en/38th/a/wn",
            "end": "/c/en/ordinal/a/wn",
            "rel": "SimilarTo",
            "weight": 2.0,
            "surface_text": "[[38th]] is similar to [[ordinal]]"
        }
    ],
    "39": [
        {
            "start": "/c/en/39/a/wn",
            "end": "/c/en/cardinal/a/wn",
            "rel": "SimilarTo",
            "weight": 2.0,
            "surface_text": "[[39]] is similar to [[cardinal]]"
        }
    ],
    "39th": [
        {
            "start": "/c/en/39th/a/wn",
            "end": "/c/en/ordinal/a/wn",
            "rel": "SimilarTo",
            "weight": 2.0,
            "surface_text": "[[39th]] is similar to [[ordinal]]"
        }
    ],
    "3_membered": [
        {
            "start": "/c/en/3_membered/a/wn",
            "end": "/c/en/membered/a/wn/chemistry",
            "rel": "SimilarTo",
            "weight": 2.0,
            "surface_text": "[[3-membered]] is similar to [[membered]]"
        }
    ],
    "3rd": [
        {
            "start": "/c/en/3rd/a/wn",
            "end": "/c/en/ordinal/a/wn",
            "rel": "SimilarTo",
            "weight": 2.0,
            "surface_text": "[[3rd]] is similar to [[ordinal]]"
        }
    ],
    "30_minutes": [
        {
            "start": "/c/en/30_minutes/n/wn/time",
            "end": "/c/en/half_hour/n/wn/time",
            "rel": "Synonym",
            "weight": 2.0,
            "surface_text": "[[30 minutes]] is a synonym of [[half-hour]]"
        }
    ],
    "365_days": [
        {
            "start": "/c/en/365_days/n/wn/time",
            "end": "/c/en/common_year/n/wn/time",
            "rel": "Synonym",
            "weight": 2.0,
            "surface_text": "[[365 days]] is a synonym of [[common year]]"
        }
    ],
    "366_days": [
        {
            "start": "/c/en/366_days/n/wn/time",
            "end": "/c/en/leap_year/n/wn/time",
            "rel": "Synonym",
            "weight": 2.0,
            "surface_text": "[[366 days]] is a synonym of [[leap year]]"
        }
    ],
    "38_caliber": [
        {
            "start": "/c/en/38_caliber/a/wn",
            "end": "/c/en/38_caliber/a/wn",
            "rel": "Synonym",
            "weight": 2.0,
            "surface_text": "[[.38-caliber]] is a synonym of [[.38 caliber]]"
        }
    ],
    "38_calibre": [
        {
            "start": "/c/en/38_calibre/a/wn",
            "end": "/c/en/38_caliber/a/wn",
            "rel": "Synonym",
            "weight": 3.464,
            "surface_text": "[[.38 calibre]] is a synonym of [[.38 caliber]]"
        }
    ],
    "3_d": [
        {
            "start": "/c/en/3_d/n/wn/cognition",
            "end": "/c/en/three_d/n/wn/cognition",
            "rel": "Synonym",
            "weight": 2.0,
            "surface_text": "[[3-D]] is a synonym of [[three-D]]"
        },
        {
            "start": "/c/en/3_d/n/wn/communication",
            "end": "/c/en/three_d/n/wn/communication",
            "rel": "Synonym",
            "weight": 2.0,
            "surface_text": "[[3-D]] is a synonym of [[three-D]]"
        }
    ],
    "3_hitter": [
        {
            "start": "/c/en/3_hitter/n/wn/act",
            "end": "/c/en/three_hitter/n/wn/act",
            "rel": "Synonym",
            "weight": 2.0,
            "surface_text": "[[3-hitter]] is a synonym of [[three-hitter]]"
        }
    ],
    "3c_syndrome": [
        {
            "start": "/c/en/3c_syndrome/n",
            "end": "/c/en/ritscher_schinzel_syndrome",
            "rel": "Synonym",
            "weight": 1.0,
            "surface_text": ""
        }
    ],
    "3d": [
        {
            "start": "/c/en/3d",
            "end": "/c/en/3rd",
            "rel": "Synonym",
            "weight": 1.0,
            "surface_text": ""
        },
        {
            "start": "/c/en/3d/n/wn/cognition",
            "end": "/c/en/three_d/n/wn/cognition",
            "rel": "Synonym",
            "weight": 2.0,
            "surface_text": "[[3D]] is a synonym of [[three-D]]"
        },
        {
            "start": "/c/en/3d/n/wn/communication",
            "end": "/c/en/three_d/n/wn/communication",
            "rel": "Synonym",
            "weight": 2.0,
            "surface_text": "[[3D]] is a synonym of [[three-D]]"
        }
    ],
    "3d_printing": [
        {
            "start": "/c/en/3d_printing/n",
            "end": "/c/en/additive_manufacturing",
            "rel": "Synonym",
            "weight": 1.0,
            "surface_text": ""
        }
    ],
    "3d_radar": [
        {
            "start": "/c/en/3d_radar/n/wn/artifact",
            "end": "/c/en/three_dimensional_radar/n/wn/artifact",
            "rel": "Synonym",
            "weight": 2.0,
            "surface_text": "[[3d radar]] is a synonym of [[three-dimensional radar]]"
        }
    ],
    "3rd_october_organization": [
        {
            "start": "/c/en/3rd_october_organization/n/wn/terrorism",
            "end": "/c/en/armenian_secret_army_for_liberation_of_armenia/n/wn/terrorism",
            "rel": "Synonym",
            "weight": 2.0,
            "surface_text": "[[3rd October Organization]] is a synonym of [[Armenian Secret Army for the Liberation of Armenia]]"
        }
    ]
}