{
    "4_masted_schooner": [
        {
            "start": "/c/en/4_masted_schooner",
            "end": "/c/en/sea",
            "rel": "AtLocation",
            "weight": 1.0,
            "surface_text": "*Something you find on [[the sea]] is [[a 4-masted schooner]]"
        }
    ],
    "4": [
        {
            "start": "/c/en/4",
            "end": "/c/en/equal_2_2",
            "rel": "CapableOf",
            "weight": 1.0,
            "surface_text": "[[4]] can [[equal 2+2]]"
        },
        {
            "start": "/c/en/4",
            "end": "/c/en/slang",
            "rel": "HasContext",
            "weight": 1.0,
            "surface_text": ""
        },
        {
            "start": "/c/en/4",
            "end": "/c/en/text_messaging",
            "rel": "HasContext",
            "weight": 1.0,
            "surface_text": ""
        },
        {
            "start": "/c/en/4/n",
            "end": "/c/en/military",
            "rel": "HasContext",
            "weight": 1.0,
            "surface_text": ""
        },
        {
            "start": "/c/en/4",
            "end": "/c/en/characters",
            "rel": "IsA",
            "weight": 1.0,
            "surface_text": ""
        },
        {
            "start": "/c/en/4",
            "end": "/c/en/higher_number_than_3",
            "rel": "IsA",
            "weight": 1.0,
            "surface_text": "[[4]] is [[a higher number than 3]]"
        },
        {
            "start": "/c/en/4",
            "end": "/c/en/number",
            "rel": "IsA",
            "weight": 1.0,
            "surface_text": "[[4]] is [[a number]]"
        },
        {
            "start": "/c/en/4/a/wn",
            "end": "/c/en/cardinal/a/wn",
            "rel": "SimilarTo",
            "weight": 2.0,
            "surface_text": "[[4]] is similar to [[cardinal]]"
        },
        {
            "start": "/c/en/4/n/wn/quantity",
            "end": "/c/en/four/n/wn/quantity",
            "rel": "Synonym",
            "weight": 2.0,
            "surface_text": "[[4]] is a synonym of [[four]]"
        }
    ],
    "401k": [
        {
            "start": "/c/en/401k",
            "end": "/c/en/k/n",
            "rel": "DerivedFrom",
            "weight": 1.0,
            "surface_text": ""
        }
    ],
    "419_scammer": [
        {
            "start": "/c/en/419_scammer",
            "end": "/c/en/419",
            "rel": "DerivedFrom",
            "weight": 1.0,
            "surface_text": ""
        },
        {
            "start": "/c/en/419_scammer",
            "end": "/c/en/419_scam",
            "rel": "DerivedFrom",
            "weight": 1.0,
            "surface_text": ""
        },
        {
            "start": "/c/en/419_scammer",
            "end": "/c/en/419_scam/n",
            "rel": "DerivedFrom",
            "weight": 1.0,
            "surface_text": ""
        },
        {
            "start": "/c/en/419_scammer",
            "end": "/c/en/scammer",
            "rel": "DerivedFrom",
            "weight": 1.0,
            "surface_text": ""
        }
    ],
    "49er": [
        {
            "start": "/c/en/49er",
            "end": "/c/en/49",
            "rel": "DerivedFrom",
            "weight": 1.0,
            "surface_text": ""
        },
        {
            "start": "/c/en/49er/n",
            "end": "/c/en/american_football",
            "rel": "HasContext",
            "weight": 1.0,
            "surface_text": ""
        },
        {
            "start": "/c/en/49er/n",
            "end": "/c/en/historical",
            "rel": "HasContext",
            "weight": 1.0,
            "surface_text": ""
        }
    ],
    "4_bromobutyric_acid": [
        {
            "start": "/c/en/4_bromobutyric_acid",
            "end": "/c/en/bromo",
            "rel": "DerivedFrom",
            "weight": 1.0,
            "surface_text": ""
        }
    ],
    "4_fluoramphetamine": [
        {
            "start": "/c/en/4_fluoramphetamine",
            "end": "/c/en/amphetamine/n",
            "rel": "DerivedFrom",
            "weight": 1.0,
            "surface_text": ""
        },
        {
            "start": "/c/en/4_fluoramphetamine/n",
            "end": "/c/en/organic_chemistry",
            "rel": "HasContext",
            "weight": 1.0,
            "surface_text": ""
        }
    ],
    "4_h_er": [
        {
            "start": "/c/en/4_h_er",
            "end": "/c/en/4_h",
            "rel": "DerivedFrom",
            "weight": 1.0,
            "surface_text": ""
        }
    ],
    "4_orthoplex": [
        {
            "start": "/c/en/4_orthoplex",
            "end": "/c/en/orthoplex/n",
            "rel": "DerivedFrom",
            "weight": 1.0,
            "surface_text": ""
        }
    ],
    "4_vinylcyclohexene": [
        {
            "start": "/c/en/4_vinylcyclohexene",
            "end": "/c/en/vinyl/n",
            "rel": "DerivedFrom",
            "weight": 1.0,
            "surface_text": ""
        }
    ],
    "4_°_calorie": [
        {
            "start": "/c/en/4_°_calorie",
            "end": "/c/en/calorie/n",
            "rel": "DerivedFrom",
            "weight": 1.0,
            "surface_text": ""
        }
    ],
    "4x2x4": [
        {
            "start": "/c/en/4x2x4",
            "end": "/c/en/4x2/n",
            "rel": "DerivedFrom",
            "weight": 1.0,
            "surface_text": ""
        }
    ],
    "4x4x4": [
        {
            "start": "/c/en/4x4x4",
            "end": "/c/en/4x4/n/wikt/en_2",
            "rel": "DerivedFrom",
            "weight": 1.0,
            "surface_text": ""
        },
        {
            "start": "/c/en/4x4x4/n",
            "end": "/c/en/automotive",
            "rel": "HasContext",
            "weight": 1.0,
            "surface_text": ""
        }
    ],
    "401_k_s": [
        {
            "start": "/c/en/401_k_s/n",
            "end": "/c/en/401_k",
            "rel": "FormOf",
            "weight": 1.0,
            "surface_text": ""
        }
    ],
    "404_pages": [
        {
            "start": "/c/en/404_pages/n",
            "end": "/c/en/404_page",
            "rel": "FormOf",
            "weight": 1.0,
            "surface_text": ""
        }
    ],
    "40_s": [
        {
            "start": "/c/en/40_s/n",
            "end": "/c/en/40s",
            "rel": "FormOf",
            "weight": 1.0,
            "surface_text": ""
        }
    ],
    "40s": [
        {
            "start": "/c/en/40s/n/wikt/en_2",
            "end": "/c/en/40",
            "rel": "FormOf",
            "weight": 1.0,
            "surface_text": ""
        },
        {
            "start": "/c/en/40s/n",
            "end": "/c/en/1940s",
            "rel": "Synonym",
            "weight": 1.0,
            "surface_text": ""
        }
    ],
    "419_frauds": [
        {
            "start": "/c/en/419_frauds/n",
            "end": "/c/en/419_fraud",
            "rel": "FormOf",
            "weight": 1.0,
            "surface_text": ""
        }
    ],
    "419_scammers": [
        {
            "start": "/c/en/419_scammers/n",
            "end": "/c/en/419_scammer",
            "rel": "FormOf",
            "weight": 1.0,
            "surface_text": ""
        }
    ],
    "419_scams": [
        {
            "start": "/c/en/419_scams/n",
            "end": "/c/en/419_scam",
            "rel": "FormOf",
            "weight": 1.0,
            "surface_text": ""
        }
    ],
    "419er": [
        {
            "start": "/c/en/419er/n",
            "end": "/c/en/419_scammer",
            "rel": "FormOf",
            "weight": 1.0,
            "surface_text": ""
        }
    ],
    "419ers": [
        {
            "start": "/c/en/419ers/n",
            "end": "/c/en/419er",
            "rel": "FormOf",
            "weight": 1.0,
            "surface_text": ""
        }
    ],
    "419s": [
        {
            "start": "/c/en/419s/n",
            "end": "/c/en/419",
            "rel": "FormOf",
            "weight": 1.0,
            "surface_text": ""
        }
    ],
    "42": [
        {
            "start": "/c/en/42/n",
            "end": "/c/en/texas_42",
            "rel": "FormOf",
            "weight": 1.0,
            "surface_text": ""
        },
        {
            "start": "/c/en/42/a/wn",
            "end": "/c/en/cardinal/a/wn",
            "rel": "SimilarTo",
            "weight": 2.0,
            "surface_text": "[[42]] is similar to [[cardinal]]"
        }
    ],
    "420s": [
        {
            "start": "/c/en/420s/n",
            "end": "/c/en/420",
            "rel": "FormOf",
            "weight": 1.0,
            "surface_text": ""
        }
    ],
    "45_s": [
        {
            "start": "/c/en/45_s/n",
            "end": "/c/en/45",
            "rel": "FormOf",
            "weight": 1.0,
            "surface_text": ""
        }
    ],
    "45s": [
        {
            "start": "/c/en/45s/n",
            "end": "/c/en/45",
            "rel": "FormOf",
            "weight": 2.0,
            "surface_text": ""
        }
    ],
    "470s": [
        {
            "start": "/c/en/470s/n",
            "end": "/c/en/470",
            "rel": "FormOf",
            "weight": 1.0,
            "surface_text": ""
        }
    ],
    "49ers": [
        {
            "start": "/c/en/49ers/n",
            "end": "/c/en/49er",
            "rel": "FormOf",
            "weight": 1.0,
            "surface_text": ""
        }
    ],
    "4_10_0s": [
        {
            "start": "/c/en/4_10_0s/n",
            "end": "/c/en/4_10_0",
            "rel": "FormOf",
            "weight": 1.0,
            "surface_text": ""
        }
    ],
    "4_10_2s": [
        {
            "start": "/c/en/4_10_2s/n",
            "end": "/c/en/4_10_2",
            "rel": "FormOf",
            "weight": 1.0,
            "surface_text": ""
        }
    ],
    "4_12_2s": [
        {
            "start": "/c/en/4_12_2s/n",
            "end": "/c/en/4_12_2",
            "rel": "FormOf",
            "weight": 1.0,
            "surface_text": ""
        }
    ],
    "4_14_4s": [
        {
            "start": "/c/en/4_14_4s/n",
            "end": "/c/en/4_14_4",
            "rel": "FormOf",
            "weight": 1.0,
            "surface_text": ""
        }
    ],
    "4_1_1": [
        {
            "start": "/c/en/4_1_1/n",
            "end": "/c/en/411",
            "rel": "FormOf",
            "weight": 1.0,
            "surface_text": ""
        }
    ],
    "4_20": [
        {
            "start": "/c/en/4_20/n",
            "end": "/c/en/420",
            "rel": "FormOf",
            "weight": 2.0,
            "surface_text": ""
        }
    ],
    "4_2_0s": [
        {
            "start": "/c/en/4_2_0s/n",
            "end": "/c/en/4_2_0",
            "rel": "FormOf",
            "weight": 1.0,
            "surface_text": ""
        }
    ],
    "4_2_2s": [
        {
            "start": "/c/en/4_2_2s/n",
            "end": "/c/en/4_2_2",
            "rel": "FormOf",
            "weight": 1.0,
            "surface_text": ""
        }
    ],
    "4_2_4s": [
        {
            "start": "/c/en/4_2_4s/n",
            "end": "/c/en/4_2_4",
            "rel": "FormOf",
            "weight": 1.0,
            "surface_text": ""
        }
    ],
    "4_3_suspensions": [
        {
            "start": "/c/en/4_3_suspensions/n",
            "end": "/c/en/4_3_suspension",
            "rel": "FormOf",
            "weight": 1.0,
            "surface_text": ""
        }
    ],
    "4_4_0s": [
        {
            "start": "/c/en/4_4_0s/n",
            "end": "/c/en/4_4_0",
            "rel": "FormOf",
            "weight": 1.0,
            "surface_text": ""
        }
    ],
    "4_4_2s": [
        {
            "start": "/c/en/4_4_2s/n",
            "end": "/c/en/4_4_2",
            "rel": "FormOf",
            "weight": 1.0,
            "surface_text": ""
        }
    ],
    "4_4_4_4s": [
        {
            "start": "/c/en/4_4_4_4s/n",
            "end": "/c/en/4_4_4_4",
            "rel": "FormOf",
            "weight": 1.0,
            "surface_text": ""
        }
    ],
    "4_4_4s": [
        {
            "start": "/c/en/4_4_4s/n",
            "end": "/c/en/4_4_4",
            "rel": "FormOf",
            "weight": 1.0,
            "surface_text": ""
        }
    ],
    "4_4_6_4s": [
        {
            "start": "/c/en/4_4_6_4s/n",
            "end": "/c/en/4_4_6_4",
            "rel": "FormOf",
            "weight": 1.0,
            "surface_text": ""
        }
    ],
    "4_6_0s": [
        {
            "start": "/c/en/4_6_0s/n",
            "end": "/c/en/4_6_0",
            "rel": "FormOf",
            "weight": 1.0,
            "surface_text": ""
        }
    ],
    "4_6_2_2_6_4s": [
        {
            "start": "/c/en/4_6_2_2_6_4s/n",
            "end": "/c/en/4_6_2_2_6_4",
            "rel": "FormOf",
            "weight": 1.0,
            "surface_text": ""
        }
    ],
    "4_6_2s": [
        {
            "start": "/c/en/4_6_2s/n",
            "end": "/c/en/4_6_2",
            "rel": "FormOf",
            "weight": 1.0,
            "surface_text": ""
        }
    ],
    "4_6_4_4s": [
        {
            "start": "/c/en/4_6_4_4s/n",
            "end": "/c/en/4_6_4_4",
            "rel": "FormOf",
            "weight": 1.0,
            "surface_text": ""
        }
    ],
    "4_6_4s": [
        {
            "start": "/c/en/4_6_4s/n",
            "end": "/c/en/4_6_4",
            "rel": "FormOf",
            "weight": 1.0,
            "surface_text": ""
        }
    ],
    "4_6_6_2s": [
        {
            "start": "/c/en/4_6_6_2s/n",
            "end": "/c/en/4_6_6_2",
            "rel": "FormOf",
            "weight": 1.0,
            "surface_text": ""
        }
    ],
    "4_6_6_4s": [
        {
            "start": "/c/en/4_6_6_4s/n",
            "end": "/c/en/4_6_6_4",
            "rel": "FormOf",
            "weight": 1.0,
            "surface_text": ""
        }
    ],
    "4_8_0s": [
        {
            "start": "/c/en/4_8_0s/n",
            "end": "/c/en/4_8_0",
            "rel": "FormOf",
            "weight": 1.0,
            "surface_text": ""
        }
    ],
    "4_8_2s": [
        {
            "start": "/c/en/4_8_2s/n",
            "end": "/c/en/4_8_2",
            "rel": "FormOf",
            "weight": 1.0,
            "surface_text": ""
        }
    ],
    "4_8_4_4_8_4s": [
        {
            "start": "/c/en/4_8_4_4_8_4s/n",
            "end": "/c/en/4_8_4_4_8_4",
            "rel": "FormOf",
            "weight": 1.0,
            "surface_text": ""
        }
    ],
    "4_8_4s": [
        {
            "start": "/c/en/4_8_4s/n",
            "end": "/c/en/4_8_4",
            "rel": "FormOf",
            "weight": 1.0,
            "surface_text": ""
        }
    ],
    "4_8_6s": [
        {
            "start": "/c/en/4_8_6s/n",
            "end": "/c/en/4_8_6",
            "rel": "FormOf",
            "weight": 1.0,
            "surface_text": ""
        }
    ],
    "4_8_8_2s": [
        {
            "start": "/c/en/4_8_8_2s/n",
            "end": "/c/en/4_8_8_2",
            "rel": "FormOf",
            "weight": 1.0,
            "surface_text": ""
        }
    ],
    "4_8_8_4s": [
        {
            "start": "/c/en/4_8_8_4s/n",
            "end": "/c/en/4_8_8_4",
            "rel": "FormOf",
            "weight": 1.0,
            "surface_text": ""
        }
    ],
    "4_dimensional": [
        {
            "start": "/c/en/4_dimensional/a",
            "end": "/c/en/four_dimensional",
            "rel": "FormOf",
            "weight": 1.0,
            "surface_text": ""
        },
        {
            "start": "/c/en/4_dimensional/a/wn",
            "end": "/c/en/multidimensional/a/wn",
            "rel": "SimilarTo",
            "weight": 2.0,
            "surface_text": "[[4-dimensional]] is similar to [[multidimensional]]"
        }
    ],
    "4_foot": [
        {
            "start": "/c/en/4_foot/n",
            "end": "/c/en/four_foot",
            "rel": "FormOf",
            "weight": 1.0,
            "surface_text": ""
        },
        {
            "start": "/c/en/4_foot/n",
            "end": "/c/en/curling",
            "rel": "HasContext",
            "weight": 1.0,
            "surface_text": ""
        },
        {
            "start": "/c/en/4_foot/n",
            "end": "/c/en/rail_transport",
            "rel": "HasContext",
            "weight": 1.0,
            "surface_text": ""
        }
    ],
    "4_h_clubs": [
        {
            "start": "/c/en/4_h_clubs/n",
            "end": "/c/en/4_h_club",
            "rel": "FormOf",
            "weight": 1.0,
            "surface_text": ""
        }
    ],
    "4_h_ers": [
        {
            "start": "/c/en/4_h_ers/n",
            "end": "/c/en/4_h_er",
            "rel": "FormOf",
            "weight": 1.0,
            "surface_text": ""
        }
    ],
    "4_on_floor": [
        {
            "start": "/c/en/4_on_floor/a",
            "end": "/c/en/four_on_floor",
            "rel": "FormOf",
            "weight": 1.0,
            "surface_text": ""
        }
    ],
    "4_polytopes": [
        {
            "start": "/c/en/4_polytopes/n",
            "end": "/c/en/4_polytope",
            "rel": "FormOf",
            "weight": 1.0,
            "surface_text": ""
        }
    ],
    "4channers": [
        {
            "start": "/c/en/4channers/n",
            "end": "/c/en/4channer",
            "rel": "FormOf",
            "weight": 1.0,
            "surface_text": ""
        }
    ],
    "4d_ultrasounds": [
        {
            "start": "/c/en/4d_ultrasounds/n",
            "end": "/c/en/4d_ultrasound",
            "rel": "FormOf",
            "weight": 1.0,
            "surface_text": ""
        }
    ],
    "4fs": [
        {
            "start": "/c/en/4fs/n",
            "end": "/c/en/4f",
            "rel": "FormOf",
            "weight": 1.0,
            "surface_text": ""
        }
    ],
    "4gls": [
        {
            "start": "/c/en/4gls/n",
            "end": "/c/en/4gl",
            "rel": "FormOf",
            "weight": 1.0,
            "surface_text": ""
        }
    ],
    "4ktros": [
        {
            "start": "/c/en/4ktros/n",
            "end": "/c/en/4ktro",
            "rel": "FormOf",
            "weight": 1.0,
            "surface_text": ""
        }
    ],
    "4rum": [
        {
            "start": "/c/en/4rum/n",
            "end": "/c/en/forum",
            "rel": "FormOf",
            "weight": 1.0,
            "surface_text": ""
        },
        {
            "start": "/c/en/4rum/n",
            "end": "/c/en/internet",
            "rel": "HasContext",
            "weight": 1.0,
            "surface_text": ""
        },
        {
            "start": "/c/en/4rum/n",
            "end": "/c/en/leet",
            "rel": "HasContext",
            "weight": 1.0,
            "surface_text": ""
        },
        {
            "start": "/c/en/4rum/n",
            "end": "/c/en/slang",
            "rel": "HasContext",
            "weight": 1.0,
            "surface_text": ""
        }
    ],
    "4rums": [
        {
            "start": "/c/en/4rums/n",
            "end": "/c/en/4rum",
            "rel": "FormOf",
            "weight": 1.0,
            "surface_text": ""
        }
    ],
    "4s": [
        {
            "start": "/c/en/4s/n",
            "end": "/c/en/4",
            "rel": "FormOf",
            "weight": 1.0,
            "surface_text": ""
        }
    ],
    "4th_grade": [
        {
            "start": "/c/en/4th_grade/n",
            "end": "/c/en/fourth_grade",
            "rel": "FormOf",
            "weight": 1.0,
            "surface_text": ""
        }
    ],
    "4th_of_july": [
        {
            "start": "/c/en/4th_of_july/n",
            "end": "/c/en/fourth_of_july",
            "rel": "FormOf",
            "weight": 1.0,
            "surface_text": ""
        }
    ],
    "4tos": [
        {
            "start": "/c/en/4tos/n",
            "end": "/c/en/4to",
            "rel": "FormOf",
            "weight": 1.0,
            "surface_text": ""
        }
    ],
    "4wds": [
        {
            "start": "/c/en/4wds/n",
            "end": "/c/en/4wd",
            "rel": "FormOf",
            "weight": 1.0,
            "surface_text": ""
        }
    ],
    "4x2s": [
        {
            "start": "/c/en/4x2s/n",
            "end": "/c/en/4x2",
            "rel": "FormOf",
            "weight": 1.0,
            "surface_text": ""
        }
    ],
    "4x4s": [
        {
            "start": "/c/en/4x4s/n",
            "end": "/c/en/4x4",
            "rel": "FormOf",
            "weight": 1.0,
            "surface_text": ""
        }
    ],
    "4x4x4s": [
        {
            "start": "/c/en/4x4x4s/n",
            "end": "/c/en/4x4x4",
            "rel": "FormOf",
            "weight": 1.0,
            "surface_text": ""
        }
    ],
    "42_of_turkish_ocd_patients": [
        {
            "start": "/c/en/42_of_turkish_ocd_patients",
            "end": "/c/en/religious_obsessions",
            "rel": "HasA",
            "weight": 1.0,
            "surface_text": "[[42% of Turkish OCD patients]] have [[religious obsessions]]"
        }
    ],
    "40": [
        {
            "start": "/c/en/40/n",
            "end": "/c/en/slang",
            "rel": "HasContext",
            "weight": 1.0,
            "surface_text": ""
        },
        {
            "start": "/c/en/40",
            "end": "/c/en/fourty",
            "rel": "IsA",
            "weight": 1.0,
            "surface_text": "[[40]] is [[fourty]]"
        },
        {
            "start": "/c/en/40/a/wn",
            "end": "/c/en/cardinal/a/wn",
            "rel": "SimilarTo",
            "weight": 2.0,
            "surface_text": "[[40]] is similar to [[cardinal]]"
        },
        {
            "start": "/c/en/40/n/wn/quantity",
            "end": "/c/en/forty/n/wn/quantity",
            "rel": "Synonym",
            "weight": 2.0,
            "surface_text": "[[40]] is a synonym of [[forty]]"
        }
    ],
    "400_metres": [
        {
            "start": "/c/en/400_metres/n",
            "end": "/c/en/athletics",
            "rel": "HasContext",
            "weight": 1.0,
            "surface_text": ""
        },
        {
            "start": "/c/en/400_metres/n",
            "end": "/c/en/400_meters",
            "rel": "Synonym",
            "weight": 1.0,
            "surface_text": ""
        }
    ],
    "401_k": [
        {
            "start": "/c/en/401_k/n",
            "end": "/c/en/us",
            "rel": "HasContext",
            "weight": 1.0,
            "surface_text": ""
        },
        {
            "start": "/c/en/401_k/n/wn/cognition",
            "end": "/c/en/401_k_plan/n/wn/cognition",
            "rel": "Synonym",
            "weight": 2.0,
            "surface_text": "[[401-k]] is a synonym of [[401-k plan]]"
        }
    ],
    "404": [
        {
            "start": "/c/en/404/a",
            "end": "/c/en/computing",
            "rel": "HasContext",
            "weight": 1.0,
            "surface_text": ""
        },
        {
            "start": "/c/en/404/a",
            "end": "/c/en/slang",
            "rel": "HasContext",
            "weight": 1.0,
            "surface_text": ""
        }
    ],
    "40_mike_mike": [
        {
            "start": "/c/en/40_mike_mike/n",
            "end": "/c/en/army",
            "rel": "HasContext",
            "weight": 1.0,
            "surface_text": ""
        },
        {
            "start": "/c/en/40_mike_mike/n",
            "end": "/c/en/us",
            "rel": "HasContext",
            "weight": 1.0,
            "surface_text": ""
        }
    ],
    "411": [
        {
            "start": "/c/en/411/n",
            "end": "/c/en/slang",
            "rel": "HasContext",
            "weight": 1.0,
            "surface_text": ""
        }
    ],
    "420": [
        {
            "start": "/c/en/420",
            "end": "/c/en/north_america",
            "rel": "HasContext",
            "weight": 1.0,
            "surface_text": ""
        },
        {
            "start": "/c/en/420",
            "end": "/c/en/slang",
            "rel": "HasContext",
            "weight": 1.0,
            "surface_text": ""
        }
    ],
    "4_2_4": [
        {
            "start": "/c/en/4_2_4/n",
            "end": "/c/en/football",
            "rel": "HasContext",
            "weight": 1.0,
            "surface_text": ""
        }
    ],
    "4_3_3": [
        {
            "start": "/c/en/4_3_3/n",
            "end": "/c/en/football",
            "rel": "HasContext",
            "weight": 1.0,
            "surface_text": ""
        }
    ],
    "4_4": [
        {
            "start": "/c/en/4_4/n",
            "end": "/c/en/music",
            "rel": "HasContext",
            "weight": 1.0,
            "surface_text": ""
        },
        {
            "start": "/c/en/4_4/n",
            "end": "/c/en/2_2",
            "rel": "SimilarTo",
            "weight": 1.0,
            "surface_text": ""
        },
        {
            "start": "/c/en/4_4/n",
            "end": "/c/en/2_4",
            "rel": "SimilarTo",
            "weight": 1.0,
            "surface_text": ""
        },
        {
            "start": "/c/en/4_4/n",
            "end": "/c/en/3_4",
            "rel": "SimilarTo",
            "weight": 1.0,
            "surface_text": ""
        },
        {
            "start": "/c/en/4_4/n",
            "end": "/c/en/6_8",
            "rel": "SimilarTo",
            "weight": 1.0,
            "surface_text": ""
        },
        {
            "start": "/c/en/4_4/n",
            "end": "/c/en/common_time",
            "rel": "Synonym",
            "weight": 1.0,
            "surface_text": ""
        }
    ],
    "4_4_2": [
        {
            "start": "/c/en/4_4_2/n",
            "end": "/c/en/football",
            "rel": "HasContext",
            "weight": 1.0,
            "surface_text": ""
        }
    ],
    "4_5_1": [
        {
            "start": "/c/en/4_5_1/n",
            "end": "/c/en/football",
            "rel": "HasContext",
            "weight": 1.0,
            "surface_text": ""
        }
    ],
    "4_kings": [
        {
            "start": "/c/en/4_kings/n",
            "end": "/c/en/biblical",
            "rel": "HasContext",
            "weight": 1.0,
            "surface_text": ""
        }
    ],
    "4_polytope": [
        {
            "start": "/c/en/4_polytope/n",
            "end": "/c/en/geometry",
            "rel": "HasContext",
            "weight": 1.0,
            "surface_text": ""
        },
        {
            "start": "/c/en/4_polytope/n",
            "end": "/c/en/polycell",
            "rel": "Synonym",
            "weight": 1.0,
            "surface_text": ""
        }
    ],
    "4b": [
        {
            "start": "/c/en/4b/n",
            "end": "/c/en/british",
            "rel": "HasContext",
            "weight": 1.0,
            "surface_text": ""
        }
    ],
    "4channer": [
        {
            "start": "/c/en/4channer/n",
            "end": "/c/en/internet_slang",
            "rel": "HasContext",
            "weight": 1.0,
            "surface_text": ""
        },
        {
            "start": "/c/en/4channer/n",
            "end": "/c/en/channer",
            "rel": "Synonym",
            "weight": 1.0,
            "surface_text": ""
        }
    ],
    "4eva": [
        {
            "start": "/c/en/4eva/r",
            "end": "/c/en/internet_slang",
            "rel": "HasContext",
            "weight": 1.0,
            "surface_text": ""
        },
        {
            "start": "/c/en/4eva/r",
            "end": "/c/en/text_messaging",
            "rel": "HasContext",
            "weight": 1.0,
            "surface_text": ""
        }
    ],
    "4evah": [
        {
            "start": "/c/en/4evah/r",
            "end": "/c/en/internet_slang",
            "rel": "HasContext",
            "weight": 1.0,
            "surface_text": ""
        },
        {
            "start": "/c/en/4evah/r",
            "end": "/c/en/text_messaging",
            "rel": "HasContext",
            "weight": 1.0,
            "surface_text": ""
        }
    ],
    "4ever": [
        {
            "start": "/c/en/4ever/r",
            "end": "/c/en/internet_slang",
            "rel": "HasContext",
            "weight": 1.0,
            "surface_text": ""
        },
        {
            "start": "/c/en/4ever/r",
            "end": "/c/en/text_messaging",
            "rel": "HasContext",
            "weight": 1.0,
            "surface_text": ""
        }
    ],
    "4g_lte": [
        {
            "start": "/c/en/4g_lte/n",
            "end": "/c/en/communication",
            "rel": "HasContext",
            "weight": 1.0,
            "surface_text": ""
        },
        {
            "start": "/c/en/4g_lte/n",
            "end": "/c/en/mobile",
            "rel": "HasContext",
            "weight": 1.0,
            "surface_text": ""
        }
    ],
    "4gl": [
        {
            "start": "/c/en/4gl/n",
            "end": "/c/en/programming",
            "rel": "HasContext",
            "weight": 1.0,
            "surface_text": ""
        }
    ],
    "4ktro": [
        {
            "start": "/c/en/4ktro/n",
            "end": "/c/en/demoscene",
            "rel": "HasContext",
            "weight": 1.0,
            "surface_text": ""
        },
        {
            "start": "/c/en/4ktro",
            "end": "/c/en/intro/n",
            "rel": "IsA",
            "weight": 1.0,
            "surface_text": ""
        }
    ],
    "4th_cir": [
        {
            "start": "/c/en/4th_cir/n",
            "end": "/c/en/legal",
            "rel": "HasContext",
            "weight": 1.0,
            "surface_text": ""
        }
    ],
    "4to": [
        {
            "start": "/c/en/4to/n",
            "end": "/c/en/paper",
            "rel": "HasContext",
            "weight": 1.0,
            "surface_text": ""
        },
        {
            "start": "/c/en/4to/n",
            "end": "/c/en/printing",
            "rel": "HasContext",
            "weight": 1.0,
            "surface_text": ""
        },
        {
            "start": "/c/en/4to/n",
            "end": "/c/en/4º",
            "rel": "Synonym",
            "weight": 1.0,
            "surface_text": ""
        },
        {
            "start": "/c/en/4to/n",
            "end": "/c/en/q",
            "rel": "Synonym",
            "weight": 1.0,
            "surface_text": ""
        },
        {
            "start": "/c/en/4to/n/wn/attribute",
            "end": "/c/en/quarto/n/wn/attribute",
            "rel": "Synonym",
            "weight": 2.0,
            "surface_text": "[[4to]] is a synonym of [[quarto]]"
        }
    ],
    "4tw": [
        {
            "start": "/c/en/4tw",
            "end": "/c/en/internet_slang",
            "rel": "HasContext",
            "weight": 1.0,
            "surface_text": ""
        }
    ],
    "4wd": [
        {
            "start": "/c/en/4wd/n",
            "end": "/c/en/automotive",
            "rel": "HasContext",
            "weight": 1.0,
            "surface_text": ""
        },
        {
            "start": "/c/en/4wd/n",
            "end": "/c/en/drive_train/n",
            "rel": "IsA",
            "weight": 1.0,
            "surface_text": ""
        },
        {
            "start": "/c/en/4wd/n",
            "end": "/c/en/4x4",
            "rel": "Synonym",
            "weight": 1.0,
            "surface_text": ""
        },
        {
            "start": "/c/en/4wd/n/wn/artifact",
            "end": "/c/en/four_wheel_drive/n/wn/artifact",
            "rel": "Synonym",
            "weight": 2.0,
            "surface_text": "[[4WD]] is a synonym of [[four-wheel drive]]"
        }
    ],
    "4x": [
        {
            "start": "/c/en/4x/n",
            "end": "/c/en/gaming",
            "rel": "HasContext",
            "weight": 1.0,
            "surface_text": ""
        }
    ],
    "4x2": [
        {
            "start": "/c/en/4x2/n",
            "end": "/c/en/automotive",
            "rel": "HasContext",
            "weight": 1.0,
            "surface_text": ""
        },
        {
            "start": "/c/en/4x2/n",
            "end": "/c/en/2wd",
            "rel": "Synonym",
            "weight": 1.0,
            "surface_text": ""
        },
        {
            "start": "/c/en/4x2/n",
            "end": "/c/en/2x4",
            "rel": "Synonym",
            "weight": 1.0,
            "surface_text": ""
        },
        {
            "start": "/c/en/4x2/n",
            "end": "/c/en/4x2x2",
            "rel": "Synonym",
            "weight": 1.0,
            "surface_text": ""
        }
    ],
    "4x4": [
        {
            "start": "/c/en/4x4/n/wikt/en_2",
            "end": "/c/en/automotive",
            "rel": "HasContext",
            "weight": 1.0,
            "surface_text": ""
        },
        {
            "start": "/c/en/4x4/n/wikt/en_2",
            "end": "/c/en/4by4",
            "rel": "Synonym",
            "weight": 1.0,
            "surface_text": ""
        },
        {
            "start": "/c/en/4x4/n/wikt/en_2",
            "end": "/c/en/4wd",
            "rel": "Synonym",
            "weight": 1.0,
            "surface_text": ""
        }
    ],
    "400": [
        {
            "start": "/c/en/400",
            "end": "/c/en/four_hundred",
            "rel": "HasProperty",
            "weight": 1.0,
            "surface_text": "[[400]] is [[four hundred]]"
        },
        {
            "start": "/c/en/400/a/wn",
            "end": "/c/en/cardinal/a/wn",
            "rel": "SimilarTo",
            "weight": 2.0,
            "surface_text": "[[400]] is similar to [[cardinal]]"
        }
    ],
    "4_times_2": [
        {
            "start": "/c/en/4_times_2",
            "end": "/c/en/8",
            "rel": "HasProperty",
            "weight": 1.0,
            "surface_text": "[[4 times 2]] is [[8]]"
        }
    ],
    "4_times_two": [
        {
            "start": "/c/en/4_times_two",
            "end": "/c/en/eight",
            "rel": "HasProperty",
            "weight": 1.0,
            "surface_text": "[[4 times two]] is [[eight]]"
        }
    ],
    "4000_quattro": [
        {
            "start": "/c/en/4000_quattro/n",
            "end": "/c/en/audi/n",
            "rel": "IsA",
            "weight": 1.0,
            "surface_text": ""
        }
    ],
    "400_meter_run": [
        {
            "start": "/c/en/400_meter_run/n",
            "end": "/c/en/quick_burst_sport/n",
            "rel": "IsA",
            "weight": 1.0,
            "surface_text": ""
        },
        {
            "start": "/c/en/400_meter_run/n",
            "end": "/c/en/sprinting_competition/n",
            "rel": "IsA",
            "weight": 1.0,
            "surface_text": ""
        }
    ],
    "401_k_plan": [
        {
            "start": "/c/en/401_k_plan/n/wn/cognition",
            "end": "/c/en/pension_plan/n/wn/cognition",
            "rel": "IsA",
            "weight": 2.0,
            "surface_text": "[[401-k plan]] is a type of [[pension plan]]"
        }
    ],
    "40mm_rifle_grenade": [
        {
            "start": "/c/en/40mm_rifle_grenade/n",
            "end": "/c/en/rocket_propelled_grenade/n",
            "rel": "IsA",
            "weight": 1.0,
            "surface_text": ""
        }
    ],
    "45": [
        {
            "start": "/c/en/45",
            "end": "/c/en/phonograph_record/n",
            "rel": "IsA",
            "weight": 1.0,
            "surface_text": ""
        },
        {
            "start": "/c/en/45/a/wn",
            "end": "/c/en/cardinal/a/wn",
            "rel": "SimilarTo",
            "weight": 2.0,
            "surface_text": "[[45]] is similar to [[cardinal]]"
        }
    ],
    "45_phonograph_record": [
        {
            "start": "/c/en/45_phonograph_record/n",
            "end": "/c/en/phonograph_record/n",
            "rel": "IsA",
            "weight": 1.0,
            "surface_text": ""
        },
        {
            "start": "/c/en/45_phonograph_record/n",
            "end": "/c/en/rigid_portable_object/n",
            "rel": "IsA",
            "weight": 1.0,
            "surface_text": ""
        }
    ],
    "48_receptacle_power_strip": [
        {
            "start": "/c/en/48_receptacle_power_strip/n",
            "end": "/c/en/computer_hardware/n/opencyc/computer_hardware_item",
            "rel": "IsA",
            "weight": 1.0,
            "surface_text": ""
        },
        {
            "start": "/c/en/48_receptacle_power_strip/n",
            "end": "/c/en/information_technology_related_thing/n",
            "rel": "IsA",
            "weight": 1.0,
            "surface_text": ""
        },
        {
            "start": "/c/en/48_receptacle_power_strip/n",
            "end": "/c/en/power_strip/n",
            "rel": "IsA",
            "weight": 1.0,
            "surface_text": ""
        }
    ],
    "4_4_16": [
        {
            "start": "/c/en/4_4_16",
            "end": "/c/en/mathematical_expression",
            "rel": "IsA",
            "weight": 1.0,
            "surface_text": "[[4*4=16]] is [[a mathematical expression]]"
        }
    ],
    "4_8_0": [
        {
            "start": "/c/en/4_8_0/n",
            "end": "/c/en/mastodon",
            "rel": "IsA",
            "weight": 1.0,
            "surface_text": ""
        }
    ],
    "4_a.m": [
        {
            "start": "/c/en/4_a.m/n",
            "end": "/c/en/calendar_hour/n",
            "rel": "IsA",
            "weight": 1.0,
            "surface_text": ""
        }
    ],
    "4_aminobenzoic_acid": [
        {
            "start": "/c/en/4_aminobenzoic_acid/n",
            "end": "/c/en/benzoic_acid/n",
            "rel": "IsA",
            "weight": 1.0,
            "surface_text": ""
        }
    ],
    "4_aminopyridine": [
        {
            "start": "/c/en/4_aminopyridine/n",
            "end": "/c/en/pyridine/n",
            "rel": "IsA",
            "weight": 1.0,
            "surface_text": ""
        }
    ],
    "4_byte_integer": [
        {
            "start": "/c/en/4_byte_integer/n",
            "end": "/c/en/computer_integer/n",
            "rel": "IsA",
            "weight": 1.0,
            "surface_text": ""
        },
        {
            "start": "/c/en/4_byte_integer/n",
            "end": "/c/en/programming_datastructure/n",
            "rel": "IsA",
            "weight": 1.0,
            "surface_text": ""
        }
    ],
    "4_byte_real_datatype": [
        {
            "start": "/c/en/4_byte_real_datatype/n",
            "end": "/c/en/real_number_datatype/n",
            "rel": "IsA",
            "weight": 1.0,
            "surface_text": ""
        }
    ],
    "4_chlorodehydromethyltestosterone": [
        {
            "start": "/c/en/4_chlorodehydromethyltestosterone/n",
            "end": "/c/en/anabolic_steroid/n",
            "rel": "IsA",
            "weight": 1.0,
            "surface_text": ""
        }
    ],
    "4_dimethylaminopyridine": [
        {
            "start": "/c/en/4_dimethylaminopyridine/n",
            "end": "/c/en/amine/n",
            "rel": "IsA",
            "weight": 1.0,
            "surface_text": ""
        }
    ],
    "4_hydroxybenzoic_acid": [
        {
            "start": "/c/en/4_hydroxybenzoic_acid/n",
            "end": "/c/en/benzoic_acid/n",
            "rel": "IsA",
            "weight": 1.0,
            "surface_text": ""
        }
    ],
    "4_hydroxytestosterone": [
        {
            "start": "/c/en/4_hydroxytestosterone/n",
            "end": "/c/en/anabolic_steroid/n",
            "rel": "IsA",
            "weight": 1.0,
            "surface_text": ""
        }
    ],
    "4_methoxybenzoic_acid": [
        {
            "start": "/c/en/4_methoxybenzoic_acid/n",
            "end": "/c/en/benzoic_acid/n",
            "rel": "IsA",
            "weight": 1.0,
            "surface_text": ""
        }
    ],
    "4_methylbenzoic_acid": [
        {
            "start": "/c/en/4_methylbenzoic_acid/n",
            "end": "/c/en/benzoic_acid/n",
            "rel": "IsA",
            "weight": 1.0,
            "surface_text": ""
        }
    ],
    "4_methylsulfonyl_benzenepropanoic_acid": [
        {
            "start": "/c/en/4_methylsulfonyl_benzenepropanoic_acid/n",
            "end": "/c/en/organic_compound/n",
            "rel": "IsA",
            "weight": 1.0,
            "surface_text": ""
        }
    ],
    "4_old": [
        {
            "start": "/c/en/4_old/n",
            "end": "/c/en/2_through_4/n",
            "rel": "IsA",
            "weight": 1.0,
            "surface_text": ""
        },
        {
            "start": "/c/en/4_old/n",
            "end": "/c/en/3_through_4/n",
            "rel": "IsA",
            "weight": 1.0,
            "surface_text": ""
        },
        {
            "start": "/c/en/4_old/n",
            "end": "/c/en/cardiac_valve_regurgitation/n",
            "rel": "IsA",
            "weight": 1.0,
            "surface_text": ""
        },
        {
            "start": "/c/en/4_old/n",
            "end": "/c/en/severe_condition/n",
            "rel": "IsA",
            "weight": 1.0,
            "surface_text": ""
        }
    ],
    "4_p.m": [
        {
            "start": "/c/en/4_p.m/n",
            "end": "/c/en/calendar_hour/n",
            "rel": "IsA",
            "weight": 1.0,
            "surface_text": ""
        }
    ],
    "4_severe": [
        {
            "start": "/c/en/4_severe/n",
            "end": "/c/en/2_through_4/n",
            "rel": "IsA",
            "weight": 1.0,
            "surface_text": ""
        },
        {
            "start": "/c/en/4_severe/n",
            "end": "/c/en/3_through_4/n",
            "rel": "IsA",
            "weight": 1.0,
            "surface_text": ""
        },
        {
            "start": "/c/en/4_severe/n",
            "end": "/c/en/cardiac_valve_regurgitation/n",
            "rel": "IsA",
            "weight": 1.0,
            "surface_text": ""
        }
    ],
    "4_tert_butylcatechol": [
        {
            "start": "/c/en/4_tert_butylcatechol/n",
            "end": "/c/en/antioxidant/n",
            "rel": "IsA",
            "weight": 1.0,
            "surface_text": ""
        }
    ],
    "4_°_c_calorie": [
        {
            "start": "/c/en/4_°_c_calorie",
            "end": "/c/en/calorie/n",
            "rel": "IsA",
            "weight": 1.0,
            "surface_text": ""
        }
    ],
    "4cv": [
        {
            "start": "/c/en/4cv/n",
            "end": "/c/en/renault/n",
            "rel": "IsA",
            "weight": 1.0,
            "surface_text": ""
        }
    ],
    "4f_catheter": [
        {
            "start": "/c/en/4f_catheter/n",
            "end": "/c/en/catheter/n",
            "rel": "IsA",
            "weight": 1.0,
            "surface_text": ""
        }
    ],
    "4runner": [
        {
            "start": "/c/en/4runner/n",
            "end": "/c/en/gas_driven_automobile/n",
            "rel": "IsA",
            "weight": 1.0,
            "surface_text": ""
        },
        {
            "start": "/c/en/4runner/n",
            "end": "/c/en/toyota_automobile/n",
            "rel": "IsA",
            "weight": 1.0,
            "surface_text": ""
        }
    ],
    "41_if_moon": [
        {
            "start": "/c/en/41_if_moon",
            "end": "/c/en/visible_for_earth_at_time",
            "rel": "NotHasProperty",
            "weight": 1.0,
            "surface_text": "[[41% if the moon]] is not [[visible for earth at any time]]"
        }
    ],
    "400th": [
        {
            "start": "/c/en/400th/a/wn",
            "end": "/c/en/ordinal/a/wn",
            "rel": "SimilarTo",
            "weight": 2.0,
            "surface_text": "[[400th]] is similar to [[ordinal]]"
        }
    ],
    "40th": [
        {
            "start": "/c/en/40th/a/wn",
            "end": "/c/en/ordinal/a/wn",
            "rel": "SimilarTo",
            "weight": 2.0,
            "surface_text": "[[40th]] is similar to [[ordinal]]"
        }
    ],
    "41": [
        {
            "start": "/c/en/41/a/wn",
            "end": "/c/en/cardinal/a/wn",
            "rel": "SimilarTo",
            "weight": 2.0,
            "surface_text": "[[41]] is similar to [[cardinal]]"
        }
    ],
    "41st": [
        {
            "start": "/c/en/41st/a/wn",
            "end": "/c/en/ordinal/a/wn",
            "rel": "SimilarTo",
            "weight": 2.0,
            "surface_text": "[[41st]] is similar to [[ordinal]]"
        }
    ],
    "42nd": [
        {
            "start": "/c/en/42nd/a/wn",
            "end": "/c/en/ordinal/a/wn",
            "rel": "SimilarTo",
            "weight": 2.0,
            "surface_text": "[[42nd]] is similar to [[ordinal]]"
        }
    ],
    "43": [
        {
            "start": "/c/en/43/a/wn",
            "end": "/c/en/cardinal/a/wn",
            "rel": "SimilarTo",
            "weight": 2.0,
            "surface_text": "[[43]] is similar to [[cardinal]]"
        }
    ],
    "43rd": [
        {
            "start": "/c/en/43rd/a/wn",
            "end": "/c/en/ordinal/a/wn",
            "rel": "SimilarTo",
            "weight": 2.0,
            "surface_text": "[[43rd]] is similar to [[ordinal]]"
        }
    ],
    "44": [
        {
            "start": "/c/en/44/a/wn",
            "end": "/c/en/cardinal/a/wn",
            "rel": "SimilarTo",
            "weight": 2.0,
            "surface_text": "[[44]] is similar to [[cardinal]]"
        }
    ],
    "44th": [
        {
            "start": "/c/en/44th/a/wn",
            "end": "/c/en/ordinal/a/wn",
            "rel": "SimilarTo",
            "weight": 2.0,
            "surface_text": "[[44th]] is similar to [[ordinal]]"
        }
    ],
    "45th": [
        {
            "start": "/c/en/45th/a/wn",
            "end": "/c/en/ordinal/a/wn",
            "rel": "SimilarTo",
            "weight": 2.0,
            "surface_text": "[[45th]] is similar to [[ordinal]]"
        }
    ],
    "46": [
        {
            "start": "/c/en/46/a/wn",
            "end": "/c/en/cardinal/a/wn",
            "rel": "SimilarTo",
            "weight": 2.0,
            "surface_text": "[[46]] is similar to [[cardinal]]"
        }
    ],
    "46th": [
        {
            "start": "/c/en/46th/a/wn",
            "end": "/c/en/ordinal/a/wn",
            "rel": "SimilarTo",
            "weight": 2.0,
            "surface_text": "[[46th]] is similar to [[ordinal]]"
        }
    ],
    "47": [
        {
            "start": "/c/en/47/a/wn",
            "end": "/c/en/cardinal/a/wn",
            "rel": "SimilarTo",
            "weight": 2.0,
            "surface_text": "[[47]] is similar to [[cardinal]]"
        }
    ],
    "47th": [
        {
            "start": "/c/en/47th/a/wn",
            "end": "/c/en/ordinal/a/wn",
            "rel": "SimilarTo",
            "weight": 2.0,
            "surface_text": "[[47th]] is similar to [[ordinal]]"
        }
    ],
    "48": [
        {
            "start": "/c/en/48/a/wn",
            "end": "/c/en/cardinal/a/wn",
            "rel": "SimilarTo",
            "weight": 2.0,
            "surface_text": "[[48]] is similar to [[cardinal]]"
        }
    ],
    "48th": [
        {
            "start": "/c/en/48th/a/wn",
            "end": "/c/en/ordinal/a/wn",
            "rel": "SimilarTo",
            "weight": 2.0,
            "surface_text": "[[48th]] is similar to [[ordinal]]"
        }
    ],
    "49": [
        {
            "start": "/c/en/49/a/wn",
            "end": "/c/en/cardinal/a/wn",
            "rel": "SimilarTo",
            "weight": 2.0,
            "surface_text": "[[49]] is similar to [[cardinal]]"
        }
    ],
    "49th": [
        {
            "start": "/c/en/49th/a/wn",
            "end": "/c/en/ordinal/a/wn",
            "rel": "SimilarTo",
            "weight": 2.0,
            "surface_text": "[[49th]] is similar to [[ordinal]]"
        }
    ],
    "4_membered": [
        {
            "start": "/c/en/4_membered/a/wn",
            "end": "/c/en/membered/a/wn/chemistry",
            "rel": "SimilarTo",
            "weight": 2.0,
            "surface_text": "[[4-membered]] is similar to [[membered]]"
        }
    ],
    "4th": [
        {
            "start": "/c/en/4th/a/wn",
            "end": "/c/en/ordinal/a/wn",
            "rel": "SimilarTo",
            "weight": 2.0,
            "surface_text": "[[4th]] is similar to [[ordinal]]"
        }
    ],
    "440_yards": [
        {
            "start": "/c/en/440_yards/n/wn/quantity",
            "end": "/c/en/quarter_mile/n/wn/quantity",
            "rel": "Synonym",
            "weight": 2.0,
            "surface_text": "[[440 yards]] is a synonym of [[quarter mile]]"
        }
    ],
    "45_caliber": [
        {
            "start": "/c/en/45_caliber/a/wn",
            "end": "/c/en/45_caliber/a/wn",
            "rel": "Synonym",
            "weight": 2.0,
            "surface_text": "[[.45-caliber]] is a synonym of [[.45 caliber]]"
        }
    ],
    "45_calibre": [
        {
            "start": "/c/en/45_calibre/a/wn",
            "end": "/c/en/45_caliber/a/wn",
            "rel": "Synonym",
            "weight": 3.464,
            "surface_text": "[[.45 calibre]] is a synonym of [[.45 caliber]]"
        }
    ],
    "4_6_0": [
        {
            "start": "/c/en/4_6_0/n",
            "end": "/c/en/ten_wheeler",
            "rel": "Synonym",
            "weight": 1.0,
            "surface_text": ""
        }
    ],
    "4_hitter": [
        {
            "start": "/c/en/4_hitter/n/wn/act",
            "end": "/c/en/four_hitter/n/wn/act",
            "rel": "Synonym",
            "weight": 2.0,
            "surface_text": "[[4-hitter]] is a synonym of [[four-hitter]]"
        }
    ]
}