{
    "5": [
        {
            "start": "/c/en/5/n",
            "end": "/c/en/3",
            "rel": "Antonym",
            "weight": 1.0,
            "surface_text": ""
        },
        {
            "start": "/c/en/5/n",
            "end": "/c/en/military",
            "rel": "HasContext",
            "weight": 1.0,
            "surface_text": ""
        },
        {
            "start": "/c/en/5",
            "end": "/c/en/five",
            "rel": "HasProperty",
            "weight": 1.0,
            "surface_text": "[[5]] is [[five]]"
        },
        {
            "start": "/c/en/5",
            "end": "/c/en/characters",
            "rel": "IsA",
            "weight": 1.0,
            "surface_text": ""
        },
        {
            "start": "/c/en/5",
            "end": "/c/en/higher_number_than_4",
            "rel": "IsA",
            "weight": 1.0,
            "surface_text": "[[5]] is [[a higher number than 4]]"
        },
        {
            "start": "/c/en/5",
            "end": "/c/en/number",
            "rel": "IsA",
            "weight": 1.0,
            "surface_text": "[[5]] is [[a number]]"
        },
        {
            "start": "/c/en/5/a/wn",
            "end": "/c/en/cardinal/a/wn",
            "rel": "SimilarTo",
            "weight": 2.0,
            "surface_text": "[[5]] is similar to [[cardinal]]"
        },
        {
            "start": "/c/en/5/n/wn/quantity",
            "end": "/c/en/five/n/wn/quantity",
            "rel": "Synonym",
            "weight": 2.0,
            "surface_text": "[[5]] is a synonym of [[five]]"
        }
    ],
    "5x8_cards": [
        {
            "start": "/c/en/5x8_cards",
            "end": "/c/en/cabinet",
            "rel": "AtLocation",
            "weight": 1.0,
            "surface_text": "*Something you find in [[a cabinet]] is [[5x8 cards]]"
        }
    ],
    "5_year_old": [
        {
            "start": "/c/en/5_year_old",
            "end": "/c/en/starting_kindergarten",
            "rel": "CapableOf",
            "weight": 1.0,
            "surface_text": "[[a 5 year old]] can [[be starting kindergarten]]"
        },
        {
            "start": "/c/en/5_year_old",
            "end": "/c/en/tie_shoe",
            "rel": "CapableOf",
            "weight": 1.0,
            "surface_text": "[[A 5 year old]] can [[tie a shoe]]"
        }
    ],
    "50_discount": [
        {
            "start": "/c/en/50_discount",
            "end": "/c/en/same_as_getting_half_price",
            "rel": "DefinedAs",
            "weight": 1.0,
            "surface_text": "[[A 50% discount]] is the [[same as getting half price]]"
        }
    ],
    "50_gon": [
        {
            "start": "/c/en/50_gon",
            "end": "/c/en/50",
            "rel": "DerivedFrom",
            "weight": 1.0,
            "surface_text": ""
        }
    ],
    "56k": [
        {
            "start": "/c/en/56k",
            "end": "/c/en/k/n",
            "rel": "DerivedFrom",
            "weight": 1.0,
            "surface_text": ""
        }
    ],
    "5_adenylic_acid": [
        {
            "start": "/c/en/5_adenylic_acid",
            "end": "/c/en/adenylic_acid/n",
            "rel": "DerivedFrom",
            "weight": 1.0,
            "surface_text": ""
        }
    ],
    "5_cell": [
        {
            "start": "/c/en/5_cell",
            "end": "/c/en/5",
            "rel": "DerivedFrom",
            "weight": 1.0,
            "surface_text": ""
        },
        {
            "start": "/c/en/5_cell",
            "end": "/c/en/cell",
            "rel": "DerivedFrom",
            "weight": 1.0,
            "surface_text": ""
        },
        {
            "start": "/c/en/5_cell/n",
            "end": "/c/en/geometry",
            "rel": "HasContext",
            "weight": 1.0,
            "surface_text": ""
        },
        {
            "start": "/c/en/5_cell/n",
            "end": "/c/en/4_simplex",
            "rel": "Synonym",
            "weight": 1.0,
            "surface_text": ""
        }
    ],
    "5ever": [
        {
            "start": "/c/en/5ever",
            "end": "/c/en/5",
            "rel": "DerivedFrom",
            "weight": 1.0,
            "surface_text": ""
        },
        {
            "start": "/c/en/5ever",
            "end": "/c/en/forever",
            "rel": "DerivedFrom",
            "weight": 1.0,
            "surface_text": ""
        },
        {
            "start": "/c/en/5ever/r",
            "end": "/c/en/humorous",
            "rel": "HasContext",
            "weight": 1.0,
            "surface_text": ""
        },
        {
            "start": "/c/en/5ever/r",
            "end": "/c/en/internet_slang",
            "rel": "HasContext",
            "weight": 1.0,
            "surface_text": ""
        }
    ],
    "50_50": [
        {
            "start": "/c/en/50_50/n",
            "end": "/c/en/fifty_fifty",
            "rel": "FormOf",
            "weight": 2.0,
            "surface_text": ""
        }
    ],
    "50_50s": [
        {
            "start": "/c/en/50_50s/n",
            "end": "/c/en/50_50",
            "rel": "FormOf",
            "weight": 2.0,
            "surface_text": ""
        }
    ],
    "50_gons": [
        {
            "start": "/c/en/50_gons/n",
            "end": "/c/en/50_gon",
            "rel": "FormOf",
            "weight": 1.0,
            "surface_text": ""
        }
    ],
    "50_s": [
        {
            "start": "/c/en/50_s/n",
            "end": "/c/en/50s",
            "rel": "FormOf",
            "weight": 1.0,
            "surface_text": ""
        }
    ],
    "527s": [
        {
            "start": "/c/en/527s/n",
            "end": "/c/en/527",
            "rel": "FormOf",
            "weight": 1.0,
            "surface_text": ""
        }
    ],
    "540s": [
        {
            "start": "/c/en/540s/n",
            "end": "/c/en/540",
            "rel": "FormOf",
            "weight": 1.0,
            "surface_text": ""
        }
    ],
    "55": [
        {
            "start": "/c/en/55/n",
            "end": "/c/en/ass",
            "rel": "FormOf",
            "weight": 1.0,
            "surface_text": ""
        },
        {
            "start": "/c/en/55/n",
            "end": "/c/en/internet_slang",
            "rel": "HasContext",
            "weight": 1.0,
            "surface_text": ""
        },
        {
            "start": "/c/en/55/a/wn",
            "end": "/c/en/cardinal/a/wn",
            "rel": "SimilarTo",
            "weight": 2.0,
            "surface_text": "[[55]] is similar to [[cardinal]]"
        }
    ],
    "5_cells": [
        {
            "start": "/c/en/5_cells/n",
            "end": "/c/en/5_cell",
            "rel": "FormOf",
            "weight": 1.0,
            "surface_text": ""
        }
    ],
    "5_o'clock_shadow": [
        {
            "start": "/c/en/5_o'clock_shadow/n",
            "end": "/c/en/five_o'clock_shadow",
            "rel": "FormOf",
            "weight": 1.0,
            "surface_text": ""
        }
    ],
    "5_o'clock_shadows": [
        {
            "start": "/c/en/5_o'clock_shadows/n",
            "end": "/c/en/5_o'clock_shadow",
            "rel": "FormOf",
            "weight": 1.0,
            "surface_text": ""
        }
    ],
    "5_percenters": [
        {
            "start": "/c/en/5_percenters/n",
            "end": "/c/en/5_percenter",
            "rel": "FormOf",
            "weight": 1.0,
            "surface_text": ""
        }
    ],
    "5gls": [
        {
            "start": "/c/en/5gls/n",
            "end": "/c/en/5gl",
            "rel": "FormOf",
            "weight": 1.0,
            "surface_text": ""
        }
    ],
    "5s": [
        {
            "start": "/c/en/5s/n",
            "end": "/c/en/5",
            "rel": "FormOf",
            "weight": 2.0,
            "surface_text": ""
        }
    ],
    "5th_grade": [
        {
            "start": "/c/en/5th_grade/n",
            "end": "/c/en/fifth_grade",
            "rel": "FormOf",
            "weight": 1.0,
            "surface_text": ""
        }
    ],
    "5ws": [
        {
            "start": "/c/en/5ws/n",
            "end": "/c/en/5w",
            "rel": "FormOf",
            "weight": 1.0,
            "surface_text": ""
        }
    ],
    "5,000_10,000_saudis": [
        {
            "start": "/c/en/5,000_10,000_saudis",
            "end": "/c/en/passed_through_afghan_camps",
            "rel": "HasA",
            "weight": 1.0,
            "surface_text": "[[5,000-10,000 Saudis]] have [[passed through the Afghan camps]]"
        }
    ],
    "500": [
        {
            "start": "/c/en/500/n",
            "end": "/c/en/sports",
            "rel": "HasContext",
            "weight": 1.0,
            "surface_text": ""
        },
        {
            "start": "/c/en/500",
            "end": "/c/en/five_hundred",
            "rel": "HasProperty",
            "weight": 1.0,
            "surface_text": "[[500]] is [[five hundred]]"
        },
        {
            "start": "/c/en/500/a/wn",
            "end": "/c/en/cardinal/a/wn",
            "rel": "SimilarTo",
            "weight": 2.0,
            "surface_text": "[[500]] is similar to [[cardinal]]"
        },
        {
            "start": "/c/en/500/n/wn/quantity",
            "end": "/c/en/five_hundred/n/wn/quantity",
            "rel": "Synonym",
            "weight": 2.0,
            "surface_text": "[[500]] is a synonym of [[five hundred]]"
        }
    ],
    "5000_metres": [
        {
            "start": "/c/en/5000_metres/n",
            "end": "/c/en/athletics",
            "rel": "HasContext",
            "weight": 1.0,
            "surface_text": ""
        },
        {
            "start": "/c/en/5000_metres/n",
            "end": "/c/en/5000_meters",
            "rel": "Synonym",
            "weight": 1.0,
            "surface_text": ""
        }
    ],
    "5150ed": [
        {
            "start": "/c/en/5150ed/v",
            "end": "/c/en/us",
            "rel": "HasContext",
            "weight": 1.0,
            "surface_text": ""
        },
        {
            "start": "/c/en/5150ed/v",
            "end": "/c/en/section",
            "rel": "Synonym",
            "weight": 1.0,
            "surface_text": ""
        }
    ],
    "5160": [
        {
            "start": "/c/en/5160/n",
            "end": "/c/en/metallurgy",
            "rel": "HasContext",
            "weight": 1.0,
            "surface_text": ""
        },
        {
            "start": "/c/en/5160/n",
            "end": "/c/en/chromium_steel",
            "rel": "IsA",
            "weight": 1.0,
            "surface_text": ""
        },
        {
            "start": "/c/en/5160/n",
            "end": "/c/en/iron_alloy",
            "rel": "IsA",
            "weight": 1.0,
            "surface_text": ""
        },
        {
            "start": "/c/en/5160/n",
            "end": "/c/en/iron_compound",
            "rel": "IsA",
            "weight": 1.0,
            "surface_text": ""
        },
        {
            "start": "/c/en/5160/n",
            "end": "/c/en/spring_steel",
            "rel": "IsA",
            "weight": 1.0,
            "surface_text": ""
        },
        {
            "start": "/c/en/5160/n",
            "end": "/c/en/stainless_steel",
            "rel": "IsA",
            "weight": 1.0,
            "surface_text": ""
        },
        {
            "start": "/c/en/5160/n",
            "end": "/c/en/steel",
            "rel": "IsA",
            "weight": 1.0,
            "surface_text": ""
        },
        {
            "start": "/c/en/5160/n",
            "end": "/c/en/5160_steel",
            "rel": "Synonym",
            "weight": 1.0,
            "surface_text": ""
        },
        {
            "start": "/c/en/5160/n",
            "end": "/c/en/aisi_5160",
            "rel": "Synonym",
            "weight": 1.0,
            "surface_text": ""
        },
        {
            "start": "/c/en/5160/n",
            "end": "/c/en/sae_5160",
            "rel": "Synonym",
            "weight": 1.0,
            "surface_text": ""
        }
    ],
    "527": [
        {
            "start": "/c/en/527/n",
            "end": "/c/en/us",
            "rel": "HasContext",
            "weight": 1.0,
            "surface_text": ""
        }
    ],
    "52verse": [
        {
            "start": "/c/en/52verse/n",
            "end": "/c/en/fandom_slang",
            "rel": "HasContext",
            "weight": 1.0,
            "surface_text": ""
        },
        {
            "start": "/c/en/52verse",
            "end": "/c/en/dcverse/n",
            "rel": "IsA",
            "weight": 1.0,
            "surface_text": ""
        },
        {
            "start": "/c/en/52verse/n",
            "end": "/c/en/dcverse",
            "rel": "IsA",
            "weight": 1.0,
            "surface_text": ""
        }
    ],
    "540": [
        {
            "start": "/c/en/540/n",
            "end": "/c/en/sports",
            "rel": "HasContext",
            "weight": 1.0,
            "surface_text": ""
        },
        {
            "start": "/c/en/540/n",
            "end": "/c/en/1080",
            "rel": "SimilarTo",
            "weight": 1.0,
            "surface_text": ""
        },
        {
            "start": "/c/en/540/n",
            "end": "/c/en/1260",
            "rel": "SimilarTo",
            "weight": 1.0,
            "surface_text": ""
        },
        {
            "start": "/c/en/540/n",
            "end": "/c/en/1440",
            "rel": "SimilarTo",
            "weight": 1.0,
            "surface_text": ""
        },
        {
            "start": "/c/en/540/n",
            "end": "/c/en/1620",
            "rel": "SimilarTo",
            "weight": 1.0,
            "surface_text": ""
        },
        {
            "start": "/c/en/540/n",
            "end": "/c/en/180",
            "rel": "SimilarTo",
            "weight": 1.0,
            "surface_text": ""
        },
        {
            "start": "/c/en/540/n",
            "end": "/c/en/1800",
            "rel": "SimilarTo",
            "weight": 1.0,
            "surface_text": ""
        },
        {
            "start": "/c/en/540/n",
            "end": "/c/en/360",
            "rel": "SimilarTo",
            "weight": 1.0,
            "surface_text": ""
        },
        {
            "start": "/c/en/540/n",
            "end": "/c/en/720",
            "rel": "SimilarTo",
            "weight": 1.0,
            "surface_text": ""
        },
        {
            "start": "/c/en/540/n",
            "end": "/c/en/900",
            "rel": "SimilarTo",
            "weight": 1.0,
            "surface_text": ""
        }
    ],
    "5_cap": [
        {
            "start": "/c/en/5_cap/n",
            "end": "/c/en/biochemistry",
            "rel": "HasContext",
            "weight": 1.0,
            "surface_text": ""
        }
    ],
    "5_end": [
        {
            "start": "/c/en/5_end/n",
            "end": "/c/en/biochemistry",
            "rel": "HasContext",
            "weight": 1.0,
            "surface_text": ""
        },
        {
            "start": "/c/en/5_end/n",
            "end": "/c/en/genetics",
            "rel": "HasContext",
            "weight": 1.0,
            "surface_text": ""
        }
    ],
    "5_methoxy_dimethyltryptamine": [
        {
            "start": "/c/en/5_methoxy_dimethyltryptamine/n",
            "end": "/c/en/organic_compound",
            "rel": "HasContext",
            "weight": 1.0,
            "surface_text": ""
        }
    ],
    "5_o": [
        {
            "start": "/c/en/5_o/n",
            "end": "/c/en/slang",
            "rel": "HasContext",
            "weight": 1.0,
            "surface_text": ""
        },
        {
            "start": "/c/en/5_o/n",
            "end": "/c/en/street_slang",
            "rel": "HasContext",
            "weight": 1.0,
            "surface_text": ""
        },
        {
            "start": "/c/en/5_o/n",
            "end": "/c/en/us",
            "rel": "HasContext",
            "weight": 1.0,
            "surface_text": ""
        }
    ],
    "5fdp": [
        {
            "start": "/c/en/5fdp/n",
            "end": "/c/en/music",
            "rel": "HasContext",
            "weight": 1.0,
            "surface_text": ""
        }
    ],
    "5gl": [
        {
            "start": "/c/en/5gl/n",
            "end": "/c/en/programming",
            "rel": "HasContext",
            "weight": 1.0,
            "surface_text": ""
        }
    ],
    "5h": [
        {
            "start": "/c/en/5h/n",
            "end": "/c/en/british",
            "rel": "HasContext",
            "weight": 1.0,
            "surface_text": ""
        }
    ],
    "5th_cir": [
        {
            "start": "/c/en/5th_cir/n",
            "end": "/c/en/legal",
            "rel": "HasContext",
            "weight": 1.0,
            "surface_text": ""
        }
    ],
    "5w": [
        {
            "start": "/c/en/5w/n",
            "end": "/c/en/journalism",
            "rel": "HasContext",
            "weight": 1.0,
            "surface_text": ""
        }
    ],
    "5,200_iraqi_refugees": [
        {
            "start": "/c/en/5,200_iraqi_refugees",
            "end": "/c/en/exiled_in_saudi_arabia",
            "rel": "HasProperty",
            "weight": 1.0,
            "surface_text": "[[5,200 Iraqi refugees]] are [[exiled in Saudi Arabia]]"
        }
    ],
    "50": [
        {
            "start": "/c/en/50",
            "end": "/c/en/fifty",
            "rel": "HasProperty",
            "weight": 1.0,
            "surface_text": "[[50]] is [[fifty]]"
        },
        {
            "start": "/c/en/50/a/wn",
            "end": "/c/en/cardinal/a/wn",
            "rel": "SimilarTo",
            "weight": 2.0,
            "surface_text": "[[50]] is similar to [[cardinal]]"
        },
        {
            "start": "/c/en/50/n/wn/quantity",
            "end": "/c/en/fifty/n/wn/quantity",
            "rel": "Synonym",
            "weight": 2.0,
            "surface_text": "[[50]] is a synonym of [[fifty]]"
        }
    ],
    "5_times_5": [
        {
            "start": "/c/en/5_times_5",
            "end": "/c/en/25",
            "rel": "HasProperty",
            "weight": 1.0,
            "surface_text": "[[5 times 5]] is [[25]]"
        }
    ],
    "5000_meter_run": [
        {
            "start": "/c/en/5000_meter_run/n",
            "end": "/c/en/endurance_event/n",
            "rel": "IsA",
            "weight": 1.0,
            "surface_text": ""
        },
        {
            "start": "/c/en/5000_meter_run/n",
            "end": "/c/en/running_event/n",
            "rel": "IsA",
            "weight": 1.0,
            "surface_text": ""
        }
    ],
    "5000_quattro": [
        {
            "start": "/c/en/5000_quattro/n",
            "end": "/c/en/audi/n",
            "rel": "IsA",
            "weight": 1.0,
            "surface_text": ""
        }
    ],
    "533i": [
        {
            "start": "/c/en/533i/n",
            "end": "/c/en/bmw_automobile/n",
            "rel": "IsA",
            "weight": 1.0,
            "surface_text": ""
        }
    ],
    "54_receptacle_power_strip": [
        {
            "start": "/c/en/54_receptacle_power_strip/n",
            "end": "/c/en/computer_hardware/n/opencyc/computer_hardware_item",
            "rel": "IsA",
            "weight": 1.0,
            "surface_text": ""
        },
        {
            "start": "/c/en/54_receptacle_power_strip/n",
            "end": "/c/en/information_technology_related_thing/n",
            "rel": "IsA",
            "weight": 1.0,
            "surface_text": ""
        },
        {
            "start": "/c/en/54_receptacle_power_strip/n",
            "end": "/c/en/power_strip/n",
            "rel": "IsA",
            "weight": 1.0,
            "surface_text": ""
        }
    ],
    "5_a.m": [
        {
            "start": "/c/en/5_a.m/n",
            "end": "/c/en/calendar_hour/n",
            "rel": "IsA",
            "weight": 1.0,
            "surface_text": ""
        }
    ],
    "5_card_stud": [
        {
            "start": "/c/en/5_card_stud",
            "end": "/c/en/game_of_poker",
            "rel": "IsA",
            "weight": 1.0,
            "surface_text": "[[5 Card Stud]] is [[a game of poker]]"
        }
    ],
    "5_p.m": [
        {
            "start": "/c/en/5_p.m/n",
            "end": "/c/en/calendar_hour/n",
            "rel": "IsA",
            "weight": 1.0,
            "surface_text": ""
        }
    ],
    "5f_catheter": [
        {
            "start": "/c/en/5f_catheter/n",
            "end": "/c/en/catheter/n",
            "rel": "IsA",
            "weight": 1.0,
            "surface_text": ""
        }
    ],
    "500_hours": [
        {
            "start": "/c/en/500_hours",
            "end": "/c/en/enough_to_learn_new_language",
            "rel": "NotHasProperty",
            "weight": 1.0,
            "surface_text": "[[500 hours]] is not [[enough to learn a new language]]"
        }
    ],
    "500th": [
        {
            "start": "/c/en/500th/a/wn",
            "end": "/c/en/ordinal/a/wn",
            "rel": "SimilarTo",
            "weight": 2.0,
            "surface_text": "[[500th]] is similar to [[ordinal]]"
        }
    ],
    "50th": [
        {
            "start": "/c/en/50th/a/wn",
            "end": "/c/en/ordinal/a/wn",
            "rel": "SimilarTo",
            "weight": 2.0,
            "surface_text": "[[50th]] is similar to [[ordinal]]"
        }
    ],
    "51": [
        {
            "start": "/c/en/51/a/wn",
            "end": "/c/en/cardinal/a/wn",
            "rel": "SimilarTo",
            "weight": 2.0,
            "surface_text": "[[51]] is similar to [[cardinal]]"
        }
    ],
    "52": [
        {
            "start": "/c/en/52/a/wn",
            "end": "/c/en/cardinal/a/wn",
            "rel": "SimilarTo",
            "weight": 2.0,
            "surface_text": "[[52]] is similar to [[cardinal]]"
        }
    ],
    "53": [
        {
            "start": "/c/en/53/a/wn",
            "end": "/c/en/cardinal/a/wn",
            "rel": "SimilarTo",
            "weight": 2.0,
            "surface_text": "[[53]] is similar to [[cardinal]]"
        }
    ],
    "54": [
        {
            "start": "/c/en/54/a/wn",
            "end": "/c/en/cardinal/a/wn",
            "rel": "SimilarTo",
            "weight": 2.0,
            "surface_text": "[[54]] is similar to [[cardinal]]"
        }
    ],
    "55th": [
        {
            "start": "/c/en/55th/a/wn",
            "end": "/c/en/ordinal/a/wn",
            "rel": "SimilarTo",
            "weight": 2.0,
            "surface_text": "[[55th]] is similar to [[ordinal]]"
        }
    ],
    "56": [
        {
            "start": "/c/en/56/a/wn",
            "end": "/c/en/cardinal/a/wn",
            "rel": "SimilarTo",
            "weight": 2.0,
            "surface_text": "[[56]] is similar to [[cardinal]]"
        }
    ],
    "57": [
        {
            "start": "/c/en/57/a/wn",
            "end": "/c/en/cardinal/a/wn",
            "rel": "SimilarTo",
            "weight": 2.0,
            "surface_text": "[[57]] is similar to [[cardinal]]"
        }
    ],
    "58": [
        {
            "start": "/c/en/58/a/wn",
            "end": "/c/en/cardinal/a/wn",
            "rel": "SimilarTo",
            "weight": 2.0,
            "surface_text": "[[58]] is similar to [[cardinal]]"
        }
    ],
    "59": [
        {
            "start": "/c/en/59/a/wn",
            "end": "/c/en/cardinal/a/wn",
            "rel": "SimilarTo",
            "weight": 2.0,
            "surface_text": "[[59]] is similar to [[cardinal]]"
        }
    ],
    "5_membered": [
        {
            "start": "/c/en/5_membered/a/wn",
            "end": "/c/en/membered/a/wn/chemistry",
            "rel": "SimilarTo",
            "weight": 2.0,
            "surface_text": "[[5-membered]] is similar to [[membered]]"
        }
    ],
    "5th": [
        {
            "start": "/c/en/5th/a/wn",
            "end": "/c/en/ordinal/a/wn",
            "rel": "SimilarTo",
            "weight": 2.0,
            "surface_text": "[[5th]] is similar to [[ordinal]]"
        }
    ],
    "50s": [
        {
            "start": "/c/en/50s/n",
            "end": "/c/en/1950s",
            "rel": "Synonym",
            "weight": 1.0,
            "surface_text": ""
        }
    ],
    "52_card_pickup": [
        {
            "start": "/c/en/52_card_pickup/n",
            "end": "/c/en/52_pickup",
            "rel": "Synonym",
            "weight": 1.0,
            "surface_text": ""
        }
    ],
    "52_pickup": [
        {
            "start": "/c/en/52_pickup/n",
            "end": "/c/en/52_card_pickup",
            "rel": "Synonym",
            "weight": 1.0,
            "surface_text": ""
        }
    ],
    "5_hitter": [
        {
            "start": "/c/en/5_hitter/n/wn/act",
            "end": "/c/en/five_hitter/n/wn/act",
            "rel": "Synonym",
            "weight": 2.0,
            "surface_text": "[[5-hitter]] is a synonym of [[five-hitter]]"
        }
    ],
    "5_hydroxy_3_methylglutaryl_coenzyme_reductase": [
        {
            "start": "/c/en/5_hydroxy_3_methylglutaryl_coenzyme_reductase/n/wn/substance",
            "end": "/c/en/hmg_coa_reductase/n/wn/substance",
            "rel": "Synonym",
            "weight": 2.0,
            "surface_text": "[[5-hydroxy-3-methylglutaryl-coenzyme A reductase]] is a synonym of [[HMG-CoA reductase]]"
        }
    ],
    "5_hydroxyeicosatetraenoic_acid": [
        {
            "start": "/c/en/5_hydroxyeicosatetraenoic_acid/n",
            "end": "/c/en/5s_6e_8z_11z_14z_hydroxyicosatetraenoic_acid",
            "rel": "Synonym",
            "weight": 1.0,
            "surface_text": ""
        }
    ],
    "5_hydroxytryptamine": [
        {
            "start": "/c/en/5_hydroxytryptamine/n/wn/substance",
            "end": "/c/en/serotonin/n/wn/substance",
            "rel": "Synonym",
            "weight": 2.0,
            "surface_text": "[[5-hydroxytryptamine]] is a synonym of [[serotonin]]"
        }
    ],
    "5_star": [
        {
            "start": "/c/en/5_star/a",
            "end": "/c/en/five_star",
            "rel": "Synonym",
            "weight": 1.0,
            "surface_text": ""
        }
    ],
    "5p_minus_syndrome": [
        {
            "start": "/c/en/5p_minus_syndrome/n",
            "end": "/c/en/chromosome_5p_deletion_syndrome",
            "rel": "Synonym",
            "weight": 1.0,
            "surface_text": ""
        },
        {
            "start": "/c/en/5p_minus_syndrome/n",
            "end": "/c/en/cri_du_chat_syndrome",
            "rel": "Synonym",
            "weight": 1.0,
            "surface_text": ""
        },
        {
            "start": "/c/en/5p_minus_syndrome/n",
            "end": "/c/en/lejeune’s_syndrome",
            "rel": "Synonym",
            "weight": 1.0,
            "surface_text": ""
        }
    ]
}