{
    "6_year_old": [
        {
            "start": "/c/en/6_year_old",
            "end": "/c/en/complete_first_grade",
            "rel": "CapableOf",
            "weight": 1.0,
            "surface_text": "[[a 6 year old]] can [[complete the first grade]]"
        }
    ],
    "60_0": [
        {
            "start": "/c/en/60_0",
            "end": "/c/en/0",
            "rel": "DerivedFrom",
            "weight": 1.0,
            "surface_text": ""
        },
        {
            "start": "/c/en/60_0",
            "end": "/c/en/60",
            "rel": "DerivedFrom",
            "weight": 1.0,
            "surface_text": ""
        },
        {
            "start": "/c/en/60_0/n",
            "end": "/c/en/automotive",
            "rel": "HasContext",
            "weight": 1.0,
            "surface_text": ""
        },
        {
            "start": "/c/en/60_0/n",
            "end": "/c/en/0_60",
            "rel": "SimilarTo",
            "weight": 1.0,
            "surface_text": ""
        },
        {
            "start": "/c/en/60_0/n",
            "end": "/c/en/0_60_0",
            "rel": "SimilarTo",
            "weight": 1.0,
            "surface_text": ""
        }
    ],
    "64_bit": [
        {
            "start": "/c/en/64_bit",
            "end": "/c/en/bit/n/wikt/en_3",
            "rel": "DerivedFrom",
            "weight": 1.0,
            "surface_text": ""
        }
    ],
    "6in4": [
        {
            "start": "/c/en/6in4",
            "end": "/c/en/6",
            "rel": "DerivedFrom",
            "weight": 1.0,
            "surface_text": ""
        },
        {
            "start": "/c/en/6in4",
            "end": "/c/en/in",
            "rel": "DerivedFrom",
            "weight": 1.0,
            "surface_text": ""
        },
        {
            "start": "/c/en/6in4/n",
            "end": "/c/en/networking",
            "rel": "HasContext",
            "weight": 1.0,
            "surface_text": ""
        }
    ],
    "6mo": [
        {
            "start": "/c/en/6mo",
            "end": "/c/en/6",
            "rel": "DerivedFrom",
            "weight": 1.0,
            "surface_text": ""
        },
        {
            "start": "/c/en/6mo/n",
            "end": "/c/en/paper",
            "rel": "HasContext",
            "weight": 1.0,
            "surface_text": ""
        },
        {
            "start": "/c/en/6mo/n",
            "end": "/c/en/printing",
            "rel": "HasContext",
            "weight": 1.0,
            "surface_text": ""
        }
    ],
    "6x4x2": [
        {
            "start": "/c/en/6x4x2",
            "end": "/c/en/4x4x4/n",
            "rel": "DerivedFrom",
            "weight": 1.0,
            "surface_text": ""
        }
    ],
    "6x4x4": [
        {
            "start": "/c/en/6x4x4",
            "end": "/c/en/4x4x4/n",
            "rel": "DerivedFrom",
            "weight": 1.0,
            "surface_text": ""
        }
    ],
    "6x6x4": [
        {
            "start": "/c/en/6x6x4",
            "end": "/c/en/4x4x4/n",
            "rel": "DerivedFrom",
            "weight": 1.0,
            "surface_text": ""
        }
    ],
    "6x6x6": [
        {
            "start": "/c/en/6x6x6",
            "end": "/c/en/4x4x4/n",
            "rel": "DerivedFrom",
            "weight": 1.0,
            "surface_text": ""
        }
    ],
    "600_cells": [
        {
            "start": "/c/en/600_cells/n",
            "end": "/c/en/600_cell",
            "rel": "FormOf",
            "weight": 1.0,
            "surface_text": ""
        }
    ],
    "60_s": [
        {
            "start": "/c/en/60_s/n",
            "end": "/c/en/60s",
            "rel": "FormOf",
            "weight": 1.0,
            "surface_text": ""
        }
    ],
    "60s": [
        {
            "start": "/c/en/60s/n",
            "end": "/c/en/60",
            "rel": "FormOf",
            "weight": 1.0,
            "surface_text": ""
        },
        {
            "start": "/c/en/60s/n",
            "end": "/c/en/1960s",
            "rel": "Synonym",
            "weight": 1.0,
            "surface_text": ""
        }
    ],
    "64_pounders": [
        {
            "start": "/c/en/64_pounders/n",
            "end": "/c/en/64_pounder",
            "rel": "FormOf",
            "weight": 1.0,
            "surface_text": ""
        }
    ],
    "64th_notes": [
        {
            "start": "/c/en/64th_notes/n",
            "end": "/c/en/64th_note",
            "rel": "FormOf",
            "weight": 1.0,
            "surface_text": ""
        }
    ],
    "69": [
        {
            "start": "/c/en/69/n",
            "end": "/c/en/sixty_nine",
            "rel": "FormOf",
            "weight": 1.0,
            "surface_text": ""
        },
        {
            "start": "/c/en/69/v",
            "end": "/c/en/sixty_nine",
            "rel": "FormOf",
            "weight": 1.0,
            "surface_text": ""
        },
        {
            "start": "/c/en/69/a/wn",
            "end": "/c/en/cardinal/a/wn",
            "rel": "SimilarTo",
            "weight": 2.0,
            "surface_text": "[[69]] is similar to [[cardinal]]"
        }
    ],
    "69ed": [
        {
            "start": "/c/en/69ed/v",
            "end": "/c/en/69",
            "rel": "FormOf",
            "weight": 1.0,
            "surface_text": ""
        }
    ],
    "69er": [
        {
            "start": "/c/en/69er/n",
            "end": "/c/en/sixty_niner",
            "rel": "FormOf",
            "weight": 1.0,
            "surface_text": ""
        }
    ],
    "69ers": [
        {
            "start": "/c/en/69ers/n",
            "end": "/c/en/69er",
            "rel": "FormOf",
            "weight": 1.0,
            "surface_text": ""
        }
    ],
    "69ing": [
        {
            "start": "/c/en/69ing/v",
            "end": "/c/en/69",
            "rel": "FormOf",
            "weight": 1.0,
            "surface_text": ""
        }
    ],
    "69s": [
        {
            "start": "/c/en/69s/n",
            "end": "/c/en/69",
            "rel": "FormOf",
            "weight": 1.0,
            "surface_text": ""
        },
        {
            "start": "/c/en/69s/v",
            "end": "/c/en/69",
            "rel": "FormOf",
            "weight": 1.0,
            "surface_text": ""
        }
    ],
    "6_2_0s": [
        {
            "start": "/c/en/6_2_0s/n",
            "end": "/c/en/6_2_0",
            "rel": "FormOf",
            "weight": 1.0,
            "surface_text": ""
        }
    ],
    "6_4_4_6s": [
        {
            "start": "/c/en/6_4_4_6s/n",
            "end": "/c/en/6_4_4_6",
            "rel": "FormOf",
            "weight": 1.0,
            "surface_text": ""
        }
    ],
    "6_8_6s": [
        {
            "start": "/c/en/6_8_6s/n",
            "end": "/c/en/6_8_6",
            "rel": "FormOf",
            "weight": 1.0,
            "surface_text": ""
        }
    ],
    "6_foot": [
        {
            "start": "/c/en/6_foot/n",
            "end": "/c/en/six_foot",
            "rel": "FormOf",
            "weight": 1.0,
            "surface_text": ""
        }
    ],
    "6s": [
        {
            "start": "/c/en/6s/n",
            "end": "/c/en/6",
            "rel": "FormOf",
            "weight": 2.0,
            "surface_text": ""
        }
    ],
    "6th_grade": [
        {
            "start": "/c/en/6th_grade/n",
            "end": "/c/en/sixth_grade",
            "rel": "FormOf",
            "weight": 1.0,
            "surface_text": ""
        }
    ],
    "63_of_remanded_men": [
        {
            "start": "/c/en/63_of_remanded_men",
            "end": "/c/en/antisocial_personality_disorder",
            "rel": "HasA",
            "weight": 1.0,
            "surface_text": "[[63% of remanded men]] have [[antisocial personality disorder]]"
        }
    ],
    "6": [
        {
            "start": "/c/en/6/n",
            "end": "/c/en/military",
            "rel": "HasContext",
            "weight": 1.0,
            "surface_text": ""
        },
        {
            "start": "/c/en/6",
            "end": "/c/en/higher_number_than_5",
            "rel": "IsA",
            "weight": 1.0,
            "surface_text": "[[6]] is [[a higher number than 5]]"
        },
        {
            "start": "/c/en/6",
            "end": "/c/en/number",
            "rel": "IsA",
            "weight": 1.0,
            "surface_text": "[[6]] is [[a number]]"
        },
        {
            "start": "/c/en/6/a/wn",
            "end": "/c/en/cardinal/a/wn",
            "rel": "SimilarTo",
            "weight": 2.0,
            "surface_text": "[[6]] is similar to [[cardinal]]"
        },
        {
            "start": "/c/en/6/n/wn/quantity",
            "end": "/c/en/six/n/wn/quantity",
            "rel": "Synonym",
            "weight": 2.0,
            "surface_text": "[[6]] is a synonym of [[six]]"
        }
    ],
    "60": [
        {
            "start": "/c/en/60/n",
            "end": "/c/en/military",
            "rel": "HasContext",
            "weight": 1.0,
            "surface_text": ""
        },
        {
            "start": "/c/en/60",
            "end": "/c/en/sixty",
            "rel": "HasProperty",
            "weight": 1.0,
            "surface_text": "[[60]] is [[sixty]]"
        },
        {
            "start": "/c/en/60/a/wn",
            "end": "/c/en/cardinal/a/wn",
            "rel": "SimilarTo",
            "weight": 2.0,
            "surface_text": "[[60]] is similar to [[cardinal]]"
        },
        {
            "start": "/c/en/60/n/wn/quantity",
            "end": "/c/en/sixty/n/wn/quantity",
            "rel": "Synonym",
            "weight": 2.0,
            "surface_text": "[[60]] is a synonym of [[sixty]]"
        }
    ],
    "600_cell": [
        {
            "start": "/c/en/600_cell/n",
            "end": "/c/en/geometry",
            "rel": "HasContext",
            "weight": 1.0,
            "surface_text": ""
        },
        {
            "start": "/c/en/600_cell/n",
            "end": "/c/en/tetraplex",
            "rel": "IsA",
            "weight": 1.0,
            "surface_text": ""
        },
        {
            "start": "/c/en/600_cell/n",
            "end": "/c/en/hexacosichoron",
            "rel": "Synonym",
            "weight": 1.0,
            "surface_text": ""
        }
    ],
    "64_pounder": [
        {
            "start": "/c/en/64_pounder/n",
            "end": "/c/en/nautical",
            "rel": "HasContext",
            "weight": 1.0,
            "surface_text": ""
        }
    ],
    "64th_note": [
        {
            "start": "/c/en/64th_note/n",
            "end": "/c/en/music",
            "rel": "HasContext",
            "weight": 1.0,
            "surface_text": ""
        }
    ],
    "68": [
        {
            "start": "/c/en/68/n",
            "end": "/c/en/medical",
            "rel": "HasContext",
            "weight": 1.0,
            "surface_text": ""
        },
        {
            "start": "/c/en/68/a/wn",
            "end": "/c/en/cardinal/a/wn",
            "rel": "SimilarTo",
            "weight": 2.0,
            "surface_text": "[[68]] is similar to [[cardinal]]"
        }
    ],
    "68_95_99.7_rule": [
        {
            "start": "/c/en/68_95_99.7_rule/n",
            "end": "/c/en/mnemonic",
            "rel": "HasContext",
            "weight": 1.0,
            "surface_text": ""
        },
        {
            "start": "/c/en/68_95_99.7_rule/n",
            "end": "/c/en/statistics",
            "rel": "HasContext",
            "weight": 1.0,
            "surface_text": ""
        }
    ],
    "6_8": [
        {
            "start": "/c/en/6_8/n",
            "end": "/c/en/music",
            "rel": "HasContext",
            "weight": 1.0,
            "surface_text": ""
        },
        {
            "start": "/c/en/6_8/n",
            "end": "/c/en/2_2",
            "rel": "SimilarTo",
            "weight": 1.0,
            "surface_text": ""
        },
        {
            "start": "/c/en/6_8/n",
            "end": "/c/en/2_4",
            "rel": "SimilarTo",
            "weight": 1.0,
            "surface_text": ""
        },
        {
            "start": "/c/en/6_8/n",
            "end": "/c/en/3_4",
            "rel": "SimilarTo",
            "weight": 1.0,
            "surface_text": ""
        },
        {
            "start": "/c/en/6_8/n",
            "end": "/c/en/4_4",
            "rel": "SimilarTo",
            "weight": 1.0,
            "surface_text": ""
        }
    ],
    "6th_cir": [
        {
            "start": "/c/en/6th_cir/n",
            "end": "/c/en/legal",
            "rel": "HasContext",
            "weight": 1.0,
            "surface_text": ""
        }
    ],
    "6to": [
        {
            "start": "/c/en/6to/n",
            "end": "/c/en/paper",
            "rel": "HasContext",
            "weight": 1.0,
            "surface_text": ""
        },
        {
            "start": "/c/en/6to/n",
            "end": "/c/en/printing",
            "rel": "HasContext",
            "weight": 1.0,
            "surface_text": ""
        }
    ],
    "6x6": [
        {
            "start": "/c/en/6x6/n",
            "end": "/c/en/automotive",
            "rel": "HasContext",
            "weight": 1.0,
            "surface_text": ""
        }
    ],
    "600": [
        {
            "start": "/c/en/600",
            "end": "/c/en/six_hundred",
            "rel": "HasProperty",
            "weight": 1.0,
            "surface_text": "[[600]] is [[six hundred]]"
        }
    ],
    "6pm_in_new_york": [
        {
            "start": "/c/en/6pm_in_new_york",
            "end": "/c/en/3pm_in_los_angeles",
            "rel": "HasSubevent",
            "weight": 1.0,
            "surface_text": "When [[it is 6pm in New York]], [[it is 3pm in Los Angeles]]"
        }
    ],
    "6.170": [
        {
            "start": "/c/en/6.170",
            "end": "/c/en/class",
            "rel": "IsA",
            "weight": 1.0,
            "surface_text": "[[6.170]] is [[a class]]"
        }
    ],
    "60mm_motar_shell": [
        {
            "start": "/c/en/60mm_motar_shell/n",
            "end": "/c/en/mortar_shell/n",
            "rel": "IsA",
            "weight": 1.0,
            "surface_text": ""
        }
    ],
    "633si": [
        {
            "start": "/c/en/633si/n",
            "end": "/c/en/bmw_automobile/n",
            "rel": "IsA",
            "weight": 1.0,
            "surface_text": ""
        }
    ],
    "64_bit_function": [
        {
            "start": "/c/en/64_bit_function/n",
            "end": "/c/en/coding_function/n",
            "rel": "IsA",
            "weight": 1.0,
            "surface_text": ""
        }
    ],
    "65_troop_strength": [
        {
            "start": "/c/en/65_troop_strength/n",
            "end": "/c/en/deployable_military_unit/n",
            "rel": "IsA",
            "weight": 1.0,
            "surface_text": ""
        }
    ],
    "6_a.m": [
        {
            "start": "/c/en/6_a.m/n",
            "end": "/c/en/calendar_hour/n",
            "rel": "IsA",
            "weight": 1.0,
            "surface_text": ""
        }
    ],
    "6_gb_s_sas": [
        {
            "start": "/c/en/6_gb_s_sas/n",
            "end": "/c/en/sas/n",
            "rel": "IsA",
            "weight": 1.0,
            "surface_text": ""
        }
    ],
    "6_hydroxydopamine": [
        {
            "start": "/c/en/6_hydroxydopamine/n",
            "end": "/c/en/bacterial_neurotoxin/n",
            "rel": "IsA",
            "weight": 1.0,
            "surface_text": ""
        },
        {
            "start": "/c/en/6_hydroxydopamine/n",
            "end": "/c/en/cholinesterase_inhibiting_substance/n",
            "rel": "IsA",
            "weight": 1.0,
            "surface_text": ""
        },
        {
            "start": "/c/en/6_hydroxydopamine/n",
            "end": "/c/en/neurotoxin/n",
            "rel": "IsA",
            "weight": 1.0,
            "surface_text": ""
        }
    ],
    "6_p.m": [
        {
            "start": "/c/en/6_p.m/n",
            "end": "/c/en/calendar_hour/n",
            "rel": "IsA",
            "weight": 1.0,
            "surface_text": ""
        }
    ],
    "6f_catheter": [
        {
            "start": "/c/en/6f_catheter/n",
            "end": "/c/en/catheter/n",
            "rel": "IsA",
            "weight": 1.0,
            "surface_text": ""
        }
    ],
    "60th": [
        {
            "start": "/c/en/60th/a/wn",
            "end": "/c/en/ordinal/a/wn",
            "rel": "SimilarTo",
            "weight": 2.0,
            "surface_text": "[[60th]] is similar to [[ordinal]]"
        }
    ],
    "61": [
        {
            "start": "/c/en/61/a/wn",
            "end": "/c/en/cardinal/a/wn",
            "rel": "SimilarTo",
            "weight": 2.0,
            "surface_text": "[[61]] is similar to [[cardinal]]"
        }
    ],
    "62": [
        {
            "start": "/c/en/62/a/wn",
            "end": "/c/en/cardinal/a/wn",
            "rel": "SimilarTo",
            "weight": 2.0,
            "surface_text": "[[62]] is similar to [[cardinal]]"
        }
    ],
    "63": [
        {
            "start": "/c/en/63/a/wn",
            "end": "/c/en/cardinal/a/wn",
            "rel": "SimilarTo",
            "weight": 2.0,
            "surface_text": "[[63]] is similar to [[cardinal]]"
        }
    ],
    "64": [
        {
            "start": "/c/en/64/a/wn",
            "end": "/c/en/cardinal/a/wn",
            "rel": "SimilarTo",
            "weight": 2.0,
            "surface_text": "[[64]] is similar to [[cardinal]]"
        }
    ],
    "64th": [
        {
            "start": "/c/en/64th/a/wn",
            "end": "/c/en/ordinal/a/wn",
            "rel": "SimilarTo",
            "weight": 2.0,
            "surface_text": "[[64th]] is similar to [[ordinal]]"
        }
    ],
    "65": [
        {
            "start": "/c/en/65/a/wn",
            "end": "/c/en/cardinal/a/wn",
            "rel": "SimilarTo",
            "weight": 2.0,
            "surface_text": "[[65]] is similar to [[cardinal]]"
        }
    ],
    "65th": [
        {
            "start": "/c/en/65th/a/wn",
            "end": "/c/en/ordinal/a/wn",
            "rel": "SimilarTo",
            "weight": 2.0,
            "surface_text": "[[65th]] is similar to [[ordinal]]"
        }
    ],
    "66": [
        {
            "start": "/c/en/66/a/wn",
            "end": "/c/en/cardinal/a/wn",
            "rel": "SimilarTo",
            "weight": 2.0,
            "surface_text": "[[66]] is similar to [[cardinal]]"
        }
    ],
    "67": [
        {
            "start": "/c/en/67/a/wn",
            "end": "/c/en/cardinal/a/wn",
            "rel": "SimilarTo",
            "weight": 2.0,
            "surface_text": "[[67]] is similar to [[cardinal]]"
        }
    ],
    "6_membered": [
        {
            "start": "/c/en/6_membered/a/wn",
            "end": "/c/en/membered/a/wn/chemistry",
            "rel": "SimilarTo",
            "weight": 2.0,
            "surface_text": "[[6-membered]] is similar to [[membered]]"
        }
    ],
    "6th": [
        {
            "start": "/c/en/6th/a/wn",
            "end": "/c/en/ordinal/a/wn",
            "rel": "SimilarTo",
            "weight": 2.0,
            "surface_text": "[[6th]] is similar to [[ordinal]]"
        }
    ],
    "60_minutes": [
        {
            "start": "/c/en/60_minutes/n/wn/time",
            "end": "/c/en/hour/n/wn/time",
            "rel": "Synonym",
            "weight": 2.0,
            "surface_text": "[[60 minutes]] is a synonym of [[hour]]"
        }
    ],
    "6_june_1944": [
        {
            "start": "/c/en/6_june_1944/n/wn/time",
            "end": "/c/en/d_day/n/wn/time",
            "rel": "Synonym",
            "weight": 2.0,
            "surface_text": "[[6 June 1944]] is a synonym of [[D-day]]"
        }
    ]
}