{
    "7_bit": [
        {
            "start": "/c/en/7_bit",
            "end": "/c/en/bit/n/wikt/en_3",
            "rel": "DerivedFrom",
            "weight": 1.0,
            "surface_text": ""
        },
        {
            "start": "/c/en/7_bit/a",
            "end": "/c/en/computing",
            "rel": "HasContext",
            "weight": 1.0,
            "surface_text": ""
        }
    ],
    "70_s": [
        {
            "start": "/c/en/70_s/n",
            "end": "/c/en/70s",
            "rel": "FormOf",
            "weight": 1.0,
            "surface_text": ""
        }
    ],
    "720s": [
        {
            "start": "/c/en/720s/n",
            "end": "/c/en/720",
            "rel": "FormOf",
            "weight": 1.0,
            "surface_text": ""
        }
    ],
    "737s": [
        {
            "start": "/c/en/737s/n",
            "end": "/c/en/737",
            "rel": "FormOf",
            "weight": 1.0,
            "surface_text": ""
        }
    ],
    "747s": [
        {
            "start": "/c/en/747s/n",
            "end": "/c/en/747",
            "rel": "FormOf",
            "weight": 1.0,
            "surface_text": ""
        }
    ],
    "757s": [
        {
            "start": "/c/en/757s/n",
            "end": "/c/en/757",
            "rel": "FormOf",
            "weight": 1.0,
            "surface_text": ""
        }
    ],
    "777s": [
        {
            "start": "/c/en/777s/n",
            "end": "/c/en/777",
            "rel": "FormOf",
            "weight": 1.0,
            "surface_text": ""
        }
    ],
    "78_s": [
        {
            "start": "/c/en/78_s/n",
            "end": "/c/en/78",
            "rel": "FormOf",
            "weight": 1.0,
            "surface_text": ""
        }
    ],
    "78s": [
        {
            "start": "/c/en/78s/n",
            "end": "/c/en/78",
            "rel": "FormOf",
            "weight": 1.0,
            "surface_text": ""
        }
    ],
    "7_10_splits": [
        {
            "start": "/c/en/7_10_splits/n",
            "end": "/c/en/7_10_split",
            "rel": "FormOf",
            "weight": 1.0,
            "surface_text": ""
        }
    ],
    "7_11s": [
        {
            "start": "/c/en/7_11s/n",
            "end": "/c/en/7_11",
            "rel": "FormOf",
            "weight": 1.0,
            "surface_text": ""
        }
    ],
    "7_6_suspensions": [
        {
            "start": "/c/en/7_6_suspensions/n",
            "end": "/c/en/7_6_suspension",
            "rel": "FormOf",
            "weight": 1.0,
            "surface_text": ""
        }
    ],
    "7_and_7": [
        {
            "start": "/c/en/7_and_7/n",
            "end": "/c/en/seven_and_seven",
            "rel": "FormOf",
            "weight": 1.0,
            "surface_text": ""
        }
    ],
    "7_and_7s": [
        {
            "start": "/c/en/7_and_7s/n",
            "end": "/c/en/7_and_7",
            "rel": "FormOf",
            "weight": 1.0,
            "surface_text": ""
        }
    ],
    "7_ups": [
        {
            "start": "/c/en/7_ups/n",
            "end": "/c/en/7_up",
            "rel": "FormOf",
            "weight": 1.0,
            "surface_text": ""
        }
    ],
    "7s": [
        {
            "start": "/c/en/7s/n",
            "end": "/c/en/7",
            "rel": "FormOf",
            "weight": 1.0,
            "surface_text": ""
        },
        {
            "start": "/c/en/7s/n",
            "end": "/c/en/sevens",
            "rel": "FormOf",
            "weight": 1.0,
            "surface_text": ""
        }
    ],
    "7th_art": [
        {
            "start": "/c/en/7th_art/n",
            "end": "/c/en/seventh_art",
            "rel": "FormOf",
            "weight": 1.0,
            "surface_text": ""
        }
    ],
    "7th_grade": [
        {
            "start": "/c/en/7th_grade/n",
            "end": "/c/en/seventh_grade",
            "rel": "FormOf",
            "weight": 1.0,
            "surface_text": ""
        }
    ],
    "7up": [
        {
            "start": "/c/en/7up/n",
            "end": "/c/en/7_up",
            "rel": "FormOf",
            "weight": 1.0,
            "surface_text": ""
        },
        {
            "start": "/c/en/7up",
            "end": "/c/en/soft_drink",
            "rel": "IsA",
            "weight": 1.0,
            "surface_text": "[[7up]] is [[a soft drink]]"
        }
    ],
    "7ups": [
        {
            "start": "/c/en/7ups/n",
            "end": "/c/en/7up",
            "rel": "FormOf",
            "weight": 1.0,
            "surface_text": ""
        }
    ],
    "7": [
        {
            "start": "/c/en/7/n",
            "end": "/c/en/military",
            "rel": "HasContext",
            "weight": 1.0,
            "surface_text": ""
        },
        {
            "start": "/c/en/7",
            "end": "/c/en/seven",
            "rel": "HasProperty",
            "weight": 1.0,
            "surface_text": "[[7]] is [[seven]]"
        },
        {
            "start": "/c/en/7",
            "end": "/c/en/higher_number_than_6",
            "rel": "IsA",
            "weight": 1.0,
            "surface_text": "[[7]] is [[a higher number than 6]]"
        },
        {
            "start": "/c/en/7",
            "end": "/c/en/number",
            "rel": "IsA",
            "weight": 2.0,
            "surface_text": "[[7]] is [[a number]]"
        },
        {
            "start": "/c/en/7",
            "end": "/c/en/prime_number",
            "rel": "IsA",
            "weight": 1.0,
            "surface_text": "[[7]] is [[a prime number]]"
        },
        {
            "start": "/c/en/7/a/wn",
            "end": "/c/en/cardinal/a/wn",
            "rel": "SimilarTo",
            "weight": 2.0,
            "surface_text": "[[7]] is similar to [[cardinal]]"
        },
        {
            "start": "/c/en/7/n/wn/quantity",
            "end": "/c/en/seven/n/wn/quantity",
            "rel": "Synonym",
            "weight": 2.0,
            "surface_text": "[[7]] is a synonym of [[seven]]"
        }
    ],
    "720": [
        {
            "start": "/c/en/720/n",
            "end": "/c/en/sports",
            "rel": "HasContext",
            "weight": 1.0,
            "surface_text": ""
        },
        {
            "start": "/c/en/720/n",
            "end": "/c/en/1080",
            "rel": "SimilarTo",
            "weight": 1.0,
            "surface_text": ""
        },
        {
            "start": "/c/en/720/n",
            "end": "/c/en/1260",
            "rel": "SimilarTo",
            "weight": 1.0,
            "surface_text": ""
        },
        {
            "start": "/c/en/720/n",
            "end": "/c/en/1440",
            "rel": "SimilarTo",
            "weight": 1.0,
            "surface_text": ""
        },
        {
            "start": "/c/en/720/n",
            "end": "/c/en/1620",
            "rel": "SimilarTo",
            "weight": 1.0,
            "surface_text": ""
        },
        {
            "start": "/c/en/720/n",
            "end": "/c/en/180",
            "rel": "SimilarTo",
            "weight": 1.0,
            "surface_text": ""
        },
        {
            "start": "/c/en/720/n",
            "end": "/c/en/1800",
            "rel": "SimilarTo",
            "weight": 1.0,
            "surface_text": ""
        },
        {
            "start": "/c/en/720/n",
            "end": "/c/en/360",
            "rel": "SimilarTo",
            "weight": 1.0,
            "surface_text": ""
        },
        {
            "start": "/c/en/720/n",
            "end": "/c/en/540",
            "rel": "SimilarTo",
            "weight": 1.0,
            "surface_text": ""
        },
        {
            "start": "/c/en/720/n",
            "end": "/c/en/900",
            "rel": "SimilarTo",
            "weight": 1.0,
            "surface_text": ""
        }
    ],
    "73": [
        {
            "start": "/c/en/73",
            "end": "/c/en/telecommunications",
            "rel": "HasContext",
            "weight": 1.0,
            "surface_text": ""
        },
        {
            "start": "/c/en/73/a/wn",
            "end": "/c/en/cardinal/a/wn",
            "rel": "SimilarTo",
            "weight": 2.0,
            "surface_text": "[[73]] is similar to [[cardinal]]"
        }
    ],
    "737": [
        {
            "start": "/c/en/737/n",
            "end": "/c/en/aviation",
            "rel": "HasContext",
            "weight": 1.0,
            "surface_text": ""
        }
    ],
    "747": [
        {
            "start": "/c/en/747/n",
            "end": "/c/en/aviation",
            "rel": "HasContext",
            "weight": 1.0,
            "surface_text": ""
        }
    ],
    "757": [
        {
            "start": "/c/en/757/n",
            "end": "/c/en/aviation",
            "rel": "HasContext",
            "weight": 1.0,
            "surface_text": ""
        }
    ],
    "777": [
        {
            "start": "/c/en/777/n",
            "end": "/c/en/aviation",
            "rel": "HasContext",
            "weight": 1.0,
            "surface_text": ""
        },
        {
            "start": "/c/en/777/n",
            "end": "/c/en/triple_seven",
            "rel": "Synonym",
            "weight": 1.0,
            "surface_text": ""
        }
    ],
    "78": [
        {
            "start": "/c/en/78/n",
            "end": "/c/en/retronym",
            "rel": "HasContext",
            "weight": 1.0,
            "surface_text": ""
        },
        {
            "start": "/c/en/78/n/wn/artifact",
            "end": "/c/en/phonograph_record/n/wn/artifact",
            "rel": "IsA",
            "weight": 2.0,
            "surface_text": "[[78]] is a type of [[phonograph record]]"
        },
        {
            "start": "/c/en/78/a/wn",
            "end": "/c/en/lxxviii/a/wn",
            "rel": "Synonym",
            "weight": 2.0,
            "surface_text": "[[78]] is a synonym of [[lxxviii]]"
        },
        {
            "start": "/c/en/78/n/wn/quantity",
            "end": "/c/en/seventy_eight/n/wn/quantity",
            "rel": "Synonym",
            "weight": 2.0,
            "surface_text": "[[78]] is a synonym of [[seventy-eight]]"
        }
    ],
    "7_10_split": [
        {
            "start": "/c/en/7_10_split/n",
            "end": "/c/en/bowling",
            "rel": "HasContext",
            "weight": 1.0,
            "surface_text": ""
        },
        {
            "start": "/c/en/7_10_split/n",
            "end": "/c/en/bedposts",
            "rel": "Synonym",
            "weight": 1.0,
            "surface_text": ""
        },
        {
            "start": "/c/en/7_10_split/n",
            "end": "/c/en/goalposts",
            "rel": "Synonym",
            "weight": 1.0,
            "surface_text": ""
        }
    ],
    "7_6_suspension": [
        {
            "start": "/c/en/7_6_suspension/n",
            "end": "/c/en/music",
            "rel": "HasContext",
            "weight": 1.0,
            "surface_text": ""
        }
    ],
    "7th_cir": [
        {
            "start": "/c/en/7th_cir/n",
            "end": "/c/en/legal",
            "rel": "HasContext",
            "weight": 1.0,
            "surface_text": ""
        }
    ],
    "70": [
        {
            "start": "/c/en/70",
            "end": "/c/en/seventy",
            "rel": "HasProperty",
            "weight": 1.0,
            "surface_text": "[[70]] is [[seventy]]"
        },
        {
            "start": "/c/en/70/a/wn",
            "end": "/c/en/cardinal/a/wn",
            "rel": "SimilarTo",
            "weight": 2.0,
            "surface_text": "[[70]] is similar to [[cardinal]]"
        },
        {
            "start": "/c/en/70/n/wn/quantity",
            "end": "/c/en/seventy/n/wn/quantity",
            "rel": "Synonym",
            "weight": 2.0,
            "surface_text": "[[70]] is a synonym of [[seventy]]"
        }
    ],
    "700": [
        {
            "start": "/c/en/700",
            "end": "/c/en/seven_hundred",
            "rel": "HasProperty",
            "weight": 1.0,
            "surface_text": "[[700]] is [[seven hundred]]"
        }
    ],
    "70s": [
        {
            "start": "/c/en/70s",
            "end": "/c/en/over",
            "rel": "HasProperty",
            "weight": 1.0,
            "surface_text": "[[the 70s]] are [[over]]"
        },
        {
            "start": "/c/en/70s/n",
            "end": "/c/en/1970s",
            "rel": "Synonym",
            "weight": 1.0,
            "surface_text": ""
        }
    ],
    "76ers": [
        {
            "start": "/c/en/76ers",
            "end": "/c/en/going_to_beat_lakers",
            "rel": "HasProperty",
            "weight": 1.0,
            "surface_text": "[[76ers]] are [[going to beat the lakers]]"
        }
    ],
    "7,000_bew_ubsect_soecues": [
        {
            "start": "/c/en/7,000_bew_ubsect_soecues",
            "end": "/c/en/discovered_every_year",
            "rel": "IsA",
            "weight": 1.0,
            "surface_text": "[[7,000 bew ubsect soecues]] are [[discovered every year]]"
        }
    ],
    "7.62": [
        {
            "start": "/c/en/7.62",
            "end": "/c/en/nato_round",
            "rel": "IsA",
            "weight": 1.0,
            "surface_text": "[[7.62]] is [[a NATO round]]"
        }
    ],
    "7.62x39": [
        {
            "start": "/c/en/7.62x39",
            "end": "/c/en/efficient_round",
            "rel": "IsA",
            "weight": 1.0,
            "surface_text": "[[The 7.62x39]] is [[an efficient round]]"
        }
    ],
    "733i": [
        {
            "start": "/c/en/733i/n",
            "end": "/c/en/bmw_automobile/n",
            "rel": "IsA",
            "weight": 1.0,
            "surface_text": ""
        }
    ],
    "76_millimetre_cannon": [
        {
            "start": "/c/en/76_millimetre_cannon/n",
            "end": "/c/en/cannon/n",
            "rel": "IsA",
            "weight": 1.0,
            "surface_text": ""
        }
    ],
    "7_a.m": [
        {
            "start": "/c/en/7_a.m/n",
            "end": "/c/en/calendar_hour/n",
            "rel": "IsA",
            "weight": 1.0,
            "surface_text": ""
        }
    ],
    "7_alram_fire": [
        {
            "start": "/c/en/7_alram_fire",
            "end": "/c/en/bigger_than_4_alarm_fire",
            "rel": "IsA",
            "weight": 1.0,
            "surface_text": "[[A 7 alram fire]] is [[bigger than a 4 alarm fire]]"
        }
    ],
    "7_p.m": [
        {
            "start": "/c/en/7_p.m/n",
            "end": "/c/en/calendar_hour/n",
            "rel": "IsA",
            "weight": 1.0,
            "surface_text": ""
        }
    ],
    "7_up": [
        {
            "start": "/c/en/7_up",
            "end": "/c/en/popular_soda",
            "rel": "IsA",
            "weight": 1.0,
            "surface_text": "[[7-Up]] is [[a popular soda]]"
        },
        {
            "start": "/c/en/7_up",
            "end": "/c/en/soda",
            "rel": "IsA",
            "weight": 2.828,
            "surface_text": "[[7-Up]] is [[a soda]]"
        }
    ],
    "7f_catheter": [
        {
            "start": "/c/en/7f_catheter/n",
            "end": "/c/en/catheter/n",
            "rel": "IsA",
            "weight": 1.0,
            "surface_text": ""
        }
    ],
    "7_lcd_screen": [
        {
            "start": "/c/en/7_lcd_screen",
            "end": "/c/en/eee_pc_701",
            "rel": "PartOf",
            "weight": 1.0,
            "surface_text": "[[7\" lcd screen]] is part of [[Eee PC 701]]."
        }
    ],
    "70_percent": [
        {
            "start": "/c/en/70_percent",
            "end": "/c/en/covered_by_water",
            "rel": "ReceivesAction",
            "weight": 1.0,
            "surface_text": "[[70 percent]] is [[covered by water]]"
        }
    ],
    "75_of_earth's_surface": [
        {
            "start": "/c/en/75_of_earth's_surface",
            "end": "/c/en/covered_by_water",
            "rel": "ReceivesAction",
            "weight": 1.0,
            "surface_text": "[[75% of the earth's surface]] is [[covered by water]]"
        }
    ],
    "75_of_earth": [
        {
            "start": "/c/en/75_of_earth",
            "end": "/c/en/covered_with_water",
            "rel": "ReceivesAction",
            "weight": 1.0,
            "surface_text": "[[75% of the Earth]] is [[covered with water]]"
        }
    ],
    "70th": [
        {
            "start": "/c/en/70th/a/wn",
            "end": "/c/en/ordinal/a/wn",
            "rel": "SimilarTo",
            "weight": 2.0,
            "surface_text": "[[70th]] is similar to [[ordinal]]"
        }
    ],
    "71": [
        {
            "start": "/c/en/71/a/wn",
            "end": "/c/en/cardinal/a/wn",
            "rel": "SimilarTo",
            "weight": 2.0,
            "surface_text": "[[71]] is similar to [[cardinal]]"
        }
    ],
    "72": [
        {
            "start": "/c/en/72/a/wn",
            "end": "/c/en/cardinal/a/wn",
            "rel": "SimilarTo",
            "weight": 2.0,
            "surface_text": "[[72]] is similar to [[cardinal]]"
        }
    ],
    "74": [
        {
            "start": "/c/en/74/a/wn",
            "end": "/c/en/cardinal/a/wn",
            "rel": "SimilarTo",
            "weight": 2.0,
            "surface_text": "[[74]] is similar to [[cardinal]]"
        }
    ],
    "75": [
        {
            "start": "/c/en/75/a/wn",
            "end": "/c/en/cardinal/a/wn",
            "rel": "SimilarTo",
            "weight": 2.0,
            "surface_text": "[[75]] is similar to [[cardinal]]"
        }
    ],
    "75th": [
        {
            "start": "/c/en/75th/a/wn",
            "end": "/c/en/ordinal/a/wn",
            "rel": "SimilarTo",
            "weight": 2.0,
            "surface_text": "[[75th]] is similar to [[ordinal]]"
        }
    ],
    "76": [
        {
            "start": "/c/en/76/a/wn",
            "end": "/c/en/cardinal/a/wn",
            "rel": "SimilarTo",
            "weight": 2.0,
            "surface_text": "[[76]] is similar to [[cardinal]]"
        }
    ],
    "77": [
        {
            "start": "/c/en/77/a/wn",
            "end": "/c/en/cardinal/a/wn",
            "rel": "SimilarTo",
            "weight": 2.0,
            "surface_text": "[[77]] is similar to [[cardinal]]"
        }
    ],
    "79": [
        {
            "start": "/c/en/79/a/wn",
            "end": "/c/en/cardinal/a/wn",
            "rel": "SimilarTo",
            "weight": 2.0,
            "surface_text": "[[79]] is similar to [[cardinal]]"
        }
    ],
    "7_membered": [
        {
            "start": "/c/en/7_membered/a/wn",
            "end": "/c/en/membered/a/wn/chemistry",
            "rel": "SimilarTo",
            "weight": 2.0,
            "surface_text": "[[7-membered]] is similar to [[membered]]"
        }
    ],
    "7th": [
        {
            "start": "/c/en/7th/a/wn",
            "end": "/c/en/ordinal/a/wn",
            "rel": "SimilarTo",
            "weight": 2.0,
            "surface_text": "[[7th]] is similar to [[ordinal]]"
        }
    ]
}