{
    "800_pound_gorilla_in_room": [
        {
            "start": "/c/en/800_pound_gorilla_in_room",
            "end": "/c/en/800_pound_gorilla/n",
            "rel": "DerivedFrom",
            "weight": 1.0,
            "surface_text": ""
        }
    ],
    "8_bit": [
        {
            "start": "/c/en/8_bit",
            "end": "/c/en/bit/n/wikt/en_3",
            "rel": "DerivedFrom",
            "weight": 1.0,
            "surface_text": ""
        },
        {
            "start": "/c/en/8_bit/a",
            "end": "/c/en/computer_graphics",
            "rel": "HasContext",
            "weight": 1.0,
            "surface_text": ""
        },
        {
            "start": "/c/en/8_bit/a",
            "end": "/c/en/computing",
            "rel": "HasContext",
            "weight": 1.0,
            "surface_text": ""
        },
        {
            "start": "/c/en/8_bit/a",
            "end": "/c/en/music",
            "rel": "HasContext",
            "weight": 1.0,
            "surface_text": ""
        }
    ],
    "8_cell": [
        {
            "start": "/c/en/8_cell",
            "end": "/c/en/8",
            "rel": "DerivedFrom",
            "weight": 1.0,
            "surface_text": ""
        },
        {
            "start": "/c/en/8_cell",
            "end": "/c/en/cell",
            "rel": "DerivedFrom",
            "weight": 1.0,
            "surface_text": ""
        },
        {
            "start": "/c/en/8_cell/n",
            "end": "/c/en/geometry",
            "rel": "HasContext",
            "weight": 1.0,
            "surface_text": ""
        },
        {
            "start": "/c/en/8_cell/n",
            "end": "/c/en/hypercube",
            "rel": "IsA",
            "weight": 1.0,
            "surface_text": ""
        },
        {
            "start": "/c/en/8_cell/n",
            "end": "/c/en/4_cube",
            "rel": "Synonym",
            "weight": 1.0,
            "surface_text": ""
        }
    ],
    "8x4x2": [
        {
            "start": "/c/en/8x4x2",
            "end": "/c/en/4x4x4/n",
            "rel": "DerivedFrom",
            "weight": 1.0,
            "surface_text": ""
        }
    ],
    "8x4x4": [
        {
            "start": "/c/en/8x4x4",
            "end": "/c/en/4x4x4/n",
            "rel": "DerivedFrom",
            "weight": 1.0,
            "surface_text": ""
        }
    ],
    "8x8_rule": [
        {
            "start": "/c/en/8x8_rule",
            "end": "/c/en/rule",
            "rel": "DerivedFrom",
            "weight": 1.0,
            "surface_text": ""
        }
    ],
    "8x8x4": [
        {
            "start": "/c/en/8x8x4",
            "end": "/c/en/4x4x4/n",
            "rel": "DerivedFrom",
            "weight": 1.0,
            "surface_text": ""
        }
    ],
    "8x8x8": [
        {
            "start": "/c/en/8x8x8",
            "end": "/c/en/4x4x4/n",
            "rel": "DerivedFrom",
            "weight": 1.0,
            "surface_text": ""
        },
        {
            "start": "/c/en/8x8x8",
            "end": "/c/en/8x8/n",
            "rel": "DerivedFrom",
            "weight": 1.0,
            "surface_text": ""
        },
        {
            "start": "/c/en/8x8x8/n",
            "end": "/c/en/automotive",
            "rel": "HasContext",
            "weight": 1.0,
            "surface_text": ""
        },
        {
            "start": "/c/en/8x8x8",
            "end": "/c/en/8x8/n",
            "rel": "IsA",
            "weight": 1.0,
            "surface_text": ""
        },
        {
            "start": "/c/en/8x8x8/n",
            "end": "/c/en/8x8",
            "rel": "IsA",
            "weight": 1.0,
            "surface_text": ""
        },
        {
            "start": "/c/en/8x8x8/n",
            "end": "/c/en/4x4x4",
            "rel": "SimilarTo",
            "weight": 1.0,
            "surface_text": ""
        },
        {
            "start": "/c/en/8x8x8/n",
            "end": "/c/en/6x6x6",
            "rel": "SimilarTo",
            "weight": 1.0,
            "surface_text": ""
        }
    ],
    "800_numbers": [
        {
            "start": "/c/en/800_numbers/n",
            "end": "/c/en/800_number",
            "rel": "FormOf",
            "weight": 1.0,
            "surface_text": ""
        }
    ],
    "800_pound_gorillas": [
        {
            "start": "/c/en/800_pound_gorillas/n",
            "end": "/c/en/800_pound_gorilla",
            "rel": "FormOf",
            "weight": 1.0,
            "surface_text": ""
        }
    ],
    "80_s": [
        {
            "start": "/c/en/80_s/n",
            "end": "/c/en/80s",
            "rel": "FormOf",
            "weight": 1.0,
            "surface_text": ""
        }
    ],
    "8514_adapter": [
        {
            "start": "/c/en/8514_adapter/n",
            "end": "/c/en/8514",
            "rel": "FormOf",
            "weight": 1.0,
            "surface_text": ""
        },
        {
            "start": "/c/en/8514_adapter/n",
            "end": "/c/en/computing",
            "rel": "HasContext",
            "weight": 1.0,
            "surface_text": ""
        }
    ],
    "86ed": [
        {
            "start": "/c/en/86ed/v",
            "end": "/c/en/86",
            "rel": "FormOf",
            "weight": 1.0,
            "surface_text": ""
        }
    ],
    "86ing": [
        {
            "start": "/c/en/86ing/v",
            "end": "/c/en/86",
            "rel": "FormOf",
            "weight": 1.0,
            "surface_text": ""
        }
    ],
    "86s": [
        {
            "start": "/c/en/86s/v",
            "end": "/c/en/86",
            "rel": "FormOf",
            "weight": 1.0,
            "surface_text": ""
        }
    ],
    "88s": [
        {
            "start": "/c/en/88s/n",
            "end": "/c/en/88",
            "rel": "FormOf",
            "weight": 1.0,
            "surface_text": ""
        }
    ],
    "8_cells": [
        {
            "start": "/c/en/8_cells/n",
            "end": "/c/en/8_cell",
            "rel": "FormOf",
            "weight": 1.0,
            "surface_text": ""
        }
    ],
    "8_tracks": [
        {
            "start": "/c/en/8_tracks/n",
            "end": "/c/en/8_track",
            "rel": "FormOf",
            "weight": 1.0,
            "surface_text": ""
        }
    ],
    "8th_grade": [
        {
            "start": "/c/en/8th_grade/n",
            "end": "/c/en/eighth_grade",
            "rel": "FormOf",
            "weight": 1.0,
            "surface_text": ""
        }
    ],
    "8th_rest": [
        {
            "start": "/c/en/8th_rest",
            "end": "/c/en/eighth_rest/n",
            "rel": "FormOf",
            "weight": 1.0,
            "surface_text": ""
        }
    ],
    "8vos": [
        {
            "start": "/c/en/8vos/n",
            "end": "/c/en/8vo",
            "rel": "FormOf",
            "weight": 1.0,
            "surface_text": ""
        }
    ],
    "8x8s": [
        {
            "start": "/c/en/8x8s/n",
            "end": "/c/en/8x8",
            "rel": "FormOf",
            "weight": 1.0,
            "surface_text": ""
        }
    ],
    "8x8x8s": [
        {
            "start": "/c/en/8x8x8s/n",
            "end": "/c/en/8x8x8",
            "rel": "FormOf",
            "weight": 1.0,
            "surface_text": ""
        }
    ],
    "8.3": [
        {
            "start": "/c/en/8.3/n",
            "end": "/c/en/computing",
            "rel": "HasContext",
            "weight": 1.0,
            "surface_text": ""
        },
        {
            "start": "/c/en/8.3/n",
            "end": "/c/en/retronym",
            "rel": "HasContext",
            "weight": 1.0,
            "surface_text": ""
        }
    ],
    "8": [
        {
            "start": "/c/en/8/v",
            "end": "/c/en/slang",
            "rel": "HasContext",
            "weight": 1.0,
            "surface_text": ""
        },
        {
            "start": "/c/en/8/v",
            "end": "/c/en/text_messaging",
            "rel": "HasContext",
            "weight": 1.0,
            "surface_text": ""
        },
        {
            "start": "/c/en/8",
            "end": "/c/en/golden_mean_number",
            "rel": "IsA",
            "weight": 1.0,
            "surface_text": "[[8]] is [[a golden mean number]]"
        },
        {
            "start": "/c/en/8",
            "end": "/c/en/higher_number_than_7",
            "rel": "IsA",
            "weight": 1.0,
            "surface_text": "[[8]] is [[a higher number than 7]]"
        },
        {
            "start": "/c/en/8",
            "end": "/c/en/number",
            "rel": "IsA",
            "weight": 1.0,
            "surface_text": "[[8]] is [[a number]]"
        },
        {
            "start": "/c/en/8/a/wn",
            "end": "/c/en/cardinal/a/wn",
            "rel": "SimilarTo",
            "weight": 2.0,
            "surface_text": "[[8]] is similar to [[cardinal]]"
        },
        {
            "start": "/c/en/8",
            "end": "/c/en/8",
            "rel": "Synonym",
            "weight": 1.0,
            "surface_text": ""
        },
        {
            "start": "/c/en/8/n/wn/quantity",
            "end": "/c/en/eight/n/wn/quantity",
            "rel": "Synonym",
            "weight": 2.0,
            "surface_text": "[[8]] is a synonym of [[eight]]"
        }
    ],
    "800_metres": [
        {
            "start": "/c/en/800_metres/n",
            "end": "/c/en/athletics",
            "rel": "HasContext",
            "weight": 1.0,
            "surface_text": ""
        },
        {
            "start": "/c/en/800_metres/n",
            "end": "/c/en/800_meters",
            "rel": "Synonym",
            "weight": 1.0,
            "surface_text": ""
        }
    ],
    "800_number": [
        {
            "start": "/c/en/800_number/n",
            "end": "/c/en/north_america",
            "rel": "HasContext",
            "weight": 1.0,
            "surface_text": ""
        }
    ],
    "802.11i": [
        {
            "start": "/c/en/802.11i/n",
            "end": "/c/en/telecommunications",
            "rel": "HasContext",
            "weight": 1.0,
            "surface_text": ""
        }
    ],
    "8514": [
        {
            "start": "/c/en/8514/n",
            "end": "/c/en/computing",
            "rel": "HasContext",
            "weight": 1.0,
            "surface_text": ""
        }
    ],
    "88": [
        {
            "start": "/c/en/88",
            "end": "/c/en/telecommunications",
            "rel": "HasContext",
            "weight": 1.0,
            "surface_text": ""
        },
        {
            "start": "/c/en/88/n",
            "end": "/c/en/military",
            "rel": "HasContext",
            "weight": 1.0,
            "surface_text": ""
        },
        {
            "start": "/c/en/88",
            "end": "/c/en/xoxo",
            "rel": "SimilarTo",
            "weight": 1.0,
            "surface_text": ""
        },
        {
            "start": "/c/en/88/a/wn",
            "end": "/c/en/cardinal/a/wn",
            "rel": "SimilarTo",
            "weight": 2.0,
            "surface_text": "[[88]] is similar to [[cardinal]]"
        }
    ],
    "880_ammonia": [
        {
            "start": "/c/en/880_ammonia/n",
            "end": "/c/en/inorganic_chemistry",
            "rel": "HasContext",
            "weight": 1.0,
            "surface_text": ""
        }
    ],
    "8_ball": [
        {
            "start": "/c/en/8_ball/n",
            "end": "/c/en/billiards",
            "rel": "HasContext",
            "weight": 1.0,
            "surface_text": ""
        },
        {
            "start": "/c/en/8_ball/n",
            "end": "/c/en/slang",
            "rel": "HasContext",
            "weight": 1.0,
            "surface_text": ""
        },
        {
            "start": "/c/en/8_ball",
            "end": "/c/en/game_of_billiards",
            "rel": "IsA",
            "weight": 1.0,
            "surface_text": "[[8-ball]] is [[a game of billiards]]"
        }
    ],
    "8_foot": [
        {
            "start": "/c/en/8_foot/n",
            "end": "/c/en/curling",
            "rel": "HasContext",
            "weight": 1.0,
            "surface_text": ""
        }
    ],
    "8th_cir": [
        {
            "start": "/c/en/8th_cir/n",
            "end": "/c/en/legal",
            "rel": "HasContext",
            "weight": 1.0,
            "surface_text": ""
        }
    ],
    "8vo": [
        {
            "start": "/c/en/8vo/n",
            "end": "/c/en/paper",
            "rel": "HasContext",
            "weight": 1.0,
            "surface_text": ""
        },
        {
            "start": "/c/en/8vo/n",
            "end": "/c/en/printing",
            "rel": "HasContext",
            "weight": 1.0,
            "surface_text": ""
        },
        {
            "start": "/c/en/8vo/n",
            "end": "/c/en/8º",
            "rel": "Synonym",
            "weight": 1.0,
            "surface_text": ""
        },
        {
            "start": "/c/en/8vo/n/wn/attribute",
            "end": "/c/en/octavo/n/wn/attribute",
            "rel": "Synonym",
            "weight": 2.0,
            "surface_text": "[[8vo]] is a synonym of [[octavo]]"
        }
    ],
    "8x8": [
        {
            "start": "/c/en/8x8/n",
            "end": "/c/en/automotive",
            "rel": "HasContext",
            "weight": 1.0,
            "surface_text": ""
        },
        {
            "start": "/c/en/8x8/n",
            "end": "/c/en/4x4",
            "rel": "SimilarTo",
            "weight": 1.0,
            "surface_text": ""
        },
        {
            "start": "/c/en/8x8/n",
            "end": "/c/en/6x6",
            "rel": "SimilarTo",
            "weight": 1.0,
            "surface_text": ""
        }
    ],
    "80": [
        {
            "start": "/c/en/80",
            "end": "/c/en/eighty",
            "rel": "HasProperty",
            "weight": 1.0,
            "surface_text": "[[80]] is [[eighty]]"
        },
        {
            "start": "/c/en/80/a/wn",
            "end": "/c/en/cardinal/a/wn",
            "rel": "SimilarTo",
            "weight": 2.0,
            "surface_text": "[[80]] is similar to [[cardinal]]"
        },
        {
            "start": "/c/en/80/n/wn/quantity",
            "end": "/c/en/eighty/n/wn/quantity",
            "rel": "Synonym",
            "weight": 2.0,
            "surface_text": "[[80]] is a synonym of [[eighty]]"
        }
    ],
    "800": [
        {
            "start": "/c/en/800",
            "end": "/c/en/eight_hundred",
            "rel": "HasProperty",
            "weight": 1.0,
            "surface_text": "[[800]] is [[eight hundred]]"
        }
    ],
    "800_meter_freestyle": [
        {
            "start": "/c/en/800_meter_freestyle/n",
            "end": "/c/en/endurance_event/n",
            "rel": "IsA",
            "weight": 1.0,
            "surface_text": ""
        },
        {
            "start": "/c/en/800_meter_freestyle/n",
            "end": "/c/en/swimming_race/n",
            "rel": "IsA",
            "weight": 1.0,
            "surface_text": ""
        }
    ],
    "802.11b": [
        {
            "start": "/c/en/802.11b",
            "end": "/c/en/commonly_used_wireless_networking_standard",
            "rel": "IsA",
            "weight": 1.0,
            "surface_text": "[[802.11b]] is [[a commonly used wireless networking standard]]"
        }
    ],
    "80386": [
        {
            "start": "/c/en/80386",
            "end": "/c/en/cpu",
            "rel": "IsA",
            "weight": 2.0,
            "surface_text": "[[80386]] is a kind of [[cpu]]."
        }
    ],
    "81_millimeter_mortar": [
        {
            "start": "/c/en/81_millimeter_mortar/n",
            "end": "/c/en/mortar/n",
            "rel": "IsA",
            "weight": 1.0,
            "surface_text": ""
        }
    ],
    "81_mm_mortar": [
        {
            "start": "/c/en/81_mm_mortar/n",
            "end": "/c/en/mortar/n",
            "rel": "IsA",
            "weight": 1.0,
            "surface_text": ""
        },
        {
            "start": "/c/en/81_mm_mortar/n",
            "end": "/c/en/mortar_launcher_medium/n",
            "rel": "IsA",
            "weight": 1.0,
            "surface_text": ""
        }
    ],
    "81mm_mortar_lav": [
        {
            "start": "/c/en/81mm_mortar_lav/n",
            "end": "/c/en/amv/n",
            "rel": "IsA",
            "weight": 1.0,
            "surface_text": ""
        }
    ],
    "850_mini_cooper": [
        {
            "start": "/c/en/850_mini_cooper/n",
            "end": "/c/en/austin_car/n",
            "rel": "IsA",
            "weight": 1.0,
            "surface_text": ""
        }
    ],
    "850_series": [
        {
            "start": "/c/en/850_series/n",
            "end": "/c/en/volvo/n",
            "rel": "IsA",
            "weight": 1.0,
            "surface_text": ""
        }
    ],
    "8_a.m": [
        {
            "start": "/c/en/8_a.m/n",
            "end": "/c/en/calendar_hour/n",
            "rel": "IsA",
            "weight": 1.0,
            "surface_text": ""
        }
    ],
    "8_byte_integer": [
        {
            "start": "/c/en/8_byte_integer/n",
            "end": "/c/en/computer_integer/n",
            "rel": "IsA",
            "weight": 1.0,
            "surface_text": ""
        },
        {
            "start": "/c/en/8_byte_integer/n",
            "end": "/c/en/programming_datastructure/n",
            "rel": "IsA",
            "weight": 1.0,
            "surface_text": ""
        }
    ],
    "8_byte_real_datatype": [
        {
            "start": "/c/en/8_byte_real_datatype/n",
            "end": "/c/en/real_number_datatype/n",
            "rel": "IsA",
            "weight": 1.0,
            "surface_text": ""
        }
    ],
    "8_k": [
        {
            "start": "/c/en/8_k/n",
            "end": "/c/en/situation_report/n",
            "rel": "IsA",
            "weight": 1.0,
            "surface_text": ""
        }
    ],
    "8_mm_cassette": [
        {
            "start": "/c/en/8_mm_cassette/n",
            "end": "/c/en/home_electronics/n",
            "rel": "IsA",
            "weight": 1.0,
            "surface_text": ""
        },
        {
            "start": "/c/en/8_mm_cassette/n",
            "end": "/c/en/videotape/n/opencyc/video_cassette",
            "rel": "IsA",
            "weight": 1.0,
            "surface_text": ""
        }
    ],
    "8_p.m": [
        {
            "start": "/c/en/8_p.m/n",
            "end": "/c/en/calendar_hour/n",
            "rel": "IsA",
            "weight": 1.0,
            "surface_text": ""
        }
    ],
    "8_track": [
        {
            "start": "/c/en/8_track",
            "end": "/c/en/magnetic_tape/n",
            "rel": "IsA",
            "weight": 1.0,
            "surface_text": ""
        },
        {
            "start": "/c/en/8_track/n",
            "end": "/c/en/magnetic_tape",
            "rel": "IsA",
            "weight": 1.0,
            "surface_text": ""
        }
    ],
    "8f_catheter": [
        {
            "start": "/c/en/8f_catheter/n",
            "end": "/c/en/catheter/n",
            "rel": "IsA",
            "weight": 1.0,
            "surface_text": ""
        }
    ],
    "8mm_camcorder": [
        {
            "start": "/c/en/8mm_camcorder/n",
            "end": "/c/en/camcorder/n",
            "rel": "IsA",
            "weight": 1.0,
            "surface_text": ""
        }
    ],
    "80_of_body": [
        {
            "start": "/c/en/80_of_body",
            "end": "/c/en/made_out_of_water",
            "rel": "ReceivesAction",
            "weight": 1.0,
            "surface_text": "[[80% of our body]] is [[made out of water]]"
        }
    ],
    "80th": [
        {
            "start": "/c/en/80th/a/wn",
            "end": "/c/en/ordinal/a/wn",
            "rel": "SimilarTo",
            "weight": 2.0,
            "surface_text": "[[80th]] is similar to [[ordinal]]"
        }
    ],
    "81": [
        {
            "start": "/c/en/81/a/wn",
            "end": "/c/en/cardinal/a/wn",
            "rel": "SimilarTo",
            "weight": 2.0,
            "surface_text": "[[81]] is similar to [[cardinal]]"
        }
    ],
    "82": [
        {
            "start": "/c/en/82/a/wn",
            "end": "/c/en/cardinal/a/wn",
            "rel": "SimilarTo",
            "weight": 2.0,
            "surface_text": "[[82]] is similar to [[cardinal]]"
        }
    ],
    "83": [
        {
            "start": "/c/en/83/a/wn",
            "end": "/c/en/cardinal/a/wn",
            "rel": "SimilarTo",
            "weight": 2.0,
            "surface_text": "[[83]] is similar to [[cardinal]]"
        }
    ],
    "84": [
        {
            "start": "/c/en/84/a/wn",
            "end": "/c/en/cardinal/a/wn",
            "rel": "SimilarTo",
            "weight": 2.0,
            "surface_text": "[[84]] is similar to [[cardinal]]"
        }
    ],
    "85": [
        {
            "start": "/c/en/85/a/wn",
            "end": "/c/en/cardinal/a/wn",
            "rel": "SimilarTo",
            "weight": 2.0,
            "surface_text": "[[85]] is similar to [[cardinal]]"
        }
    ],
    "85th": [
        {
            "start": "/c/en/85th/a/wn",
            "end": "/c/en/ordinal/a/wn",
            "rel": "SimilarTo",
            "weight": 2.0,
            "surface_text": "[[85th]] is similar to [[ordinal]]"
        }
    ],
    "86": [
        {
            "start": "/c/en/86/a/wn",
            "end": "/c/en/cardinal/a/wn",
            "rel": "SimilarTo",
            "weight": 2.0,
            "surface_text": "[[86]] is similar to [[cardinal]]"
        },
        {
            "start": "/c/en/86/v",
            "end": "/c/en/bar",
            "rel": "Synonym",
            "weight": 1.0,
            "surface_text": ""
        },
        {
            "start": "/c/en/86/v",
            "end": "/c/en/cancel",
            "rel": "Synonym",
            "weight": 1.0,
            "surface_text": ""
        },
        {
            "start": "/c/en/86/v",
            "end": "/c/en/ixnay",
            "rel": "Synonym",
            "weight": 1.0,
            "surface_text": ""
        },
        {
            "start": "/c/en/86/v",
            "end": "/c/en/nix",
            "rel": "Synonym",
            "weight": 2.0,
            "surface_text": ""
        },
        {
            "start": "/c/en/86/v",
            "end": "/c/en/remove",
            "rel": "Synonym",
            "weight": 1.0,
            "surface_text": ""
        }
    ],
    "87": [
        {
            "start": "/c/en/87/a/wn",
            "end": "/c/en/cardinal/a/wn",
            "rel": "SimilarTo",
            "weight": 2.0,
            "surface_text": "[[87]] is similar to [[cardinal]]"
        }
    ],
    "89": [
        {
            "start": "/c/en/89/a/wn",
            "end": "/c/en/cardinal/a/wn",
            "rel": "SimilarTo",
            "weight": 2.0,
            "surface_text": "[[89]] is similar to [[cardinal]]"
        }
    ],
    "8_membered": [
        {
            "start": "/c/en/8_membered/a/wn",
            "end": "/c/en/membered/a/wn/chemistry",
            "rel": "SimilarTo",
            "weight": 2.0,
            "surface_text": "[[8-membered]] is similar to [[membered]]"
        }
    ],
    "8th": [
        {
            "start": "/c/en/8th/a/wn",
            "end": "/c/en/ordinal/a/wn",
            "rel": "SimilarTo",
            "weight": 2.0,
            "surface_text": "[[8th]] is similar to [[ordinal]]"
        }
    ],
    "800_pound_gorilla": [
        {
            "start": "/c/en/800_pound_gorilla/n",
            "end": "/c/en/elephant_in_room",
            "rel": "Synonym",
            "weight": 2.0,
            "surface_text": ""
        }
    ],
    "80s": [
        {
            "start": "/c/en/80s/n",
            "end": "/c/en/1980s",
            "rel": "Synonym",
            "weight": 1.0,
            "surface_text": ""
        }
    ],
    "880_yards": [
        {
            "start": "/c/en/880_yards/n/wn/quantity",
            "end": "/c/en/half_mile/n/wn/quantity",
            "rel": "Synonym",
            "weight": 2.0,
            "surface_text": "[[880 yards]] is a synonym of [[half mile]]"
        }
    ],
    "8_may_1945": [
        {
            "start": "/c/en/8_may_1945/n/wn/time",
            "end": "/c/en/v_e_day/n/wn/time",
            "rel": "Synonym",
            "weight": 2.0,
            "surface_text": "[[8 May 1945]] is a synonym of [[V-E Day]]"
        }
    ]
}