{
    "90_day_wonder": [
        {
            "start": "/c/en/90_day_wonder",
            "end": "/c/en/wonder/n",
            "rel": "DerivedFrom",
            "weight": 1.0,
            "surface_text": ""
        },
        {
            "start": "/c/en/90_day_wonder/n",
            "end": "/c/en/derogatory",
            "rel": "HasContext",
            "weight": 1.0,
            "surface_text": ""
        },
        {
            "start": "/c/en/90_day_wonder/n",
            "end": "/c/en/slang",
            "rel": "HasContext",
            "weight": 1.0,
            "surface_text": ""
        },
        {
            "start": "/c/en/90_day_wonder/n",
            "end": "/c/en/us_army_us_air_force_and_us_navy",
            "rel": "HasContext",
            "weight": 1.0,
            "surface_text": ""
        }
    ],
    "900_numbers": [
        {
            "start": "/c/en/900_numbers/n",
            "end": "/c/en/900_number",
            "rel": "FormOf",
            "weight": 1.0,
            "surface_text": ""
        }
    ],
    "900s": [
        {
            "start": "/c/en/900s/n",
            "end": "/c/en/900",
            "rel": "FormOf",
            "weight": 1.0,
            "surface_text": ""
        }
    ],
    "90_day_wonders": [
        {
            "start": "/c/en/90_day_wonders/n",
            "end": "/c/en/90_day_wonder",
            "rel": "FormOf",
            "weight": 1.0,
            "surface_text": ""
        }
    ],
    "90_s": [
        {
            "start": "/c/en/90_s/n",
            "end": "/c/en/90s",
            "rel": "FormOf",
            "weight": 1.0,
            "surface_text": ""
        }
    ],
    "911ed": [
        {
            "start": "/c/en/911ed/v",
            "end": "/c/en/911",
            "rel": "FormOf",
            "weight": 1.0,
            "surface_text": ""
        }
    ],
    "911ing": [
        {
            "start": "/c/en/911ing/v",
            "end": "/c/en/911",
            "rel": "FormOf",
            "weight": 1.0,
            "surface_text": ""
        }
    ],
    "911s": [
        {
            "start": "/c/en/911s/n",
            "end": "/c/en/911",
            "rel": "FormOf",
            "weight": 1.0,
            "surface_text": ""
        },
        {
            "start": "/c/en/911s/v",
            "end": "/c/en/911",
            "rel": "FormOf",
            "weight": 1.0,
            "surface_text": ""
        }
    ],
    "99s": [
        {
            "start": "/c/en/99s/n",
            "end": "/c/en/99",
            "rel": "FormOf",
            "weight": 1.0,
            "surface_text": ""
        }
    ],
    "9_10ths": [
        {
            "start": "/c/en/9_10ths/n",
            "end": "/c/en/nine_tenths",
            "rel": "FormOf",
            "weight": 1.0,
            "surface_text": ""
        }
    ],
    "9_11s": [
        {
            "start": "/c/en/9_11s/n",
            "end": "/c/en/9_11",
            "rel": "FormOf",
            "weight": 1.0,
            "surface_text": ""
        }
    ],
    "9_8_suspensions": [
        {
            "start": "/c/en/9_8_suspensions/n",
            "end": "/c/en/9_8_suspension",
            "rel": "FormOf",
            "weight": 1.0,
            "surface_text": ""
        }
    ],
    "9_to_5s": [
        {
            "start": "/c/en/9_to_5s/n",
            "end": "/c/en/9_to_5",
            "rel": "FormOf",
            "weight": 1.0,
            "surface_text": ""
        }
    ],
    "9th_grade": [
        {
            "start": "/c/en/9th_grade/n",
            "end": "/c/en/ninth_grade",
            "rel": "FormOf",
            "weight": 1.0,
            "surface_text": ""
        }
    ],
    "90_of_people": [
        {
            "start": "/c/en/90_of_people",
            "end": "/c/en/no_idea_what's_going_on",
            "rel": "HasA",
            "weight": 1.0,
            "surface_text": "[[90% of people]] have [[no idea what's going on]]"
        }
    ],
    "900": [
        {
            "start": "/c/en/900/n",
            "end": "/c/en/sports",
            "rel": "HasContext",
            "weight": 1.0,
            "surface_text": ""
        },
        {
            "start": "/c/en/900",
            "end": "/c/en/nine_hundred",
            "rel": "HasProperty",
            "weight": 1.0,
            "surface_text": "[[900]] is [[nine hundred]]"
        },
        {
            "start": "/c/en/900/n",
            "end": "/c/en/1080",
            "rel": "SimilarTo",
            "weight": 1.0,
            "surface_text": ""
        },
        {
            "start": "/c/en/900/n",
            "end": "/c/en/1260",
            "rel": "SimilarTo",
            "weight": 1.0,
            "surface_text": ""
        },
        {
            "start": "/c/en/900/n",
            "end": "/c/en/1440",
            "rel": "SimilarTo",
            "weight": 1.0,
            "surface_text": ""
        },
        {
            "start": "/c/en/900/n",
            "end": "/c/en/1620",
            "rel": "SimilarTo",
            "weight": 1.0,
            "surface_text": ""
        },
        {
            "start": "/c/en/900/n",
            "end": "/c/en/180",
            "rel": "SimilarTo",
            "weight": 1.0,
            "surface_text": ""
        },
        {
            "start": "/c/en/900/n",
            "end": "/c/en/1800",
            "rel": "SimilarTo",
            "weight": 1.0,
            "surface_text": ""
        },
        {
            "start": "/c/en/900/n",
            "end": "/c/en/360",
            "rel": "SimilarTo",
            "weight": 1.0,
            "surface_text": ""
        },
        {
            "start": "/c/en/900/n",
            "end": "/c/en/540",
            "rel": "SimilarTo",
            "weight": 1.0,
            "surface_text": ""
        },
        {
            "start": "/c/en/900/n",
            "end": "/c/en/720",
            "rel": "SimilarTo",
            "weight": 1.0,
            "surface_text": ""
        }
    ],
    "900_number": [
        {
            "start": "/c/en/900_number/n",
            "end": "/c/en/north_america",
            "rel": "HasContext",
            "weight": 1.0,
            "surface_text": ""
        }
    ],
    "90y_dota_biotin": [
        {
            "start": "/c/en/90y_dota_biotin/n",
            "end": "/c/en/oncology",
            "rel": "HasContext",
            "weight": 1.0,
            "surface_text": ""
        }
    ],
    "911": [
        {
            "start": "/c/en/911/n",
            "end": "/c/en/automotive",
            "rel": "HasContext",
            "weight": 1.0,
            "surface_text": ""
        },
        {
            "start": "/c/en/911/n",
            "end": "/c/en/porsche/n",
            "rel": "IsA",
            "weight": 1.0,
            "surface_text": ""
        }
    ],
    "99": [
        {
            "start": "/c/en/99/n",
            "end": "/c/en/ireland",
            "rel": "HasContext",
            "weight": 1.0,
            "surface_text": ""
        },
        {
            "start": "/c/en/99/n",
            "end": "/c/en/uk",
            "rel": "HasContext",
            "weight": 1.0,
            "surface_text": ""
        },
        {
            "start": "/c/en/99/a/wn",
            "end": "/c/en/cardinal/a/wn",
            "rel": "SimilarTo",
            "weight": 2.0,
            "surface_text": "[[99]] is similar to [[cardinal]]"
        }
    ],
    "9_11": [
        {
            "start": "/c/en/9_11/n/wn/terrorism",
            "end": "/c/en/terrorism/n/wn/act",
            "rel": "HasContext",
            "weight": 2.0,
            "surface_text": "[[9 11]] is used in the context of [[terrorism]]"
        },
        {
            "start": "/c/en/9_11/n/wn/terrorism",
            "end": "/c/en/september/n/wn/time",
            "rel": "PartOf",
            "weight": 2.0,
            "surface_text": "[[9 11]] is a part of [[September]]"
        },
        {
            "start": "/c/en/9_11/n/wn/terrorism",
            "end": "/c/en/9_11/n/wn/terrorism",
            "rel": "Synonym",
            "weight": 3.464,
            "surface_text": "[[9-11]] is a synonym of [[9 11]]"
        }
    ],
    "9_1_1": [
        {
            "start": "/c/en/9_1_1/n",
            "end": "/c/en/canada",
            "rel": "HasContext",
            "weight": 1.0,
            "surface_text": ""
        },
        {
            "start": "/c/en/9_1_1/n",
            "end": "/c/en/us",
            "rel": "HasContext",
            "weight": 1.0,
            "surface_text": ""
        },
        {
            "start": "/c/en/9_1_1/n",
            "end": "/c/en/1_1_9",
            "rel": "SimilarTo",
            "weight": 1.0,
            "surface_text": ""
        },
        {
            "start": "/c/en/9_1_1/n",
            "end": "/c/en/9_9_9",
            "rel": "SimilarTo",
            "weight": 1.0,
            "surface_text": ""
        }
    ],
    "9_8_suspension": [
        {
            "start": "/c/en/9_8_suspension/n",
            "end": "/c/en/music",
            "rel": "HasContext",
            "weight": 1.0,
            "surface_text": ""
        }
    ],
    "9th_cir": [
        {
            "start": "/c/en/9th_cir/n",
            "end": "/c/en/legal",
            "rel": "HasContext",
            "weight": 1.0,
            "surface_text": ""
        }
    ],
    "9": [
        {
            "start": "/c/en/9",
            "end": "/c/en/nine",
            "rel": "HasProperty",
            "weight": 1.0,
            "surface_text": "[[9]] is [[nine]]"
        },
        {
            "start": "/c/en/9",
            "end": "/c/en/higher_number_than_8",
            "rel": "IsA",
            "weight": 1.0,
            "surface_text": "[[9]] is [[a higher number than 8]]"
        },
        {
            "start": "/c/en/9",
            "end": "/c/en/number",
            "rel": "IsA",
            "weight": 2.0,
            "surface_text": "[[9]] is [[a number]]"
        },
        {
            "start": "/c/en/9/a/wn",
            "end": "/c/en/cardinal/a/wn",
            "rel": "SimilarTo",
            "weight": 2.0,
            "surface_text": "[[9]] is similar to [[cardinal]]"
        },
        {
            "start": "/c/en/9/n/wn/quantity",
            "end": "/c/en/nine/n/wn/quantity",
            "rel": "Synonym",
            "weight": 2.0,
            "surface_text": "[[9]] is a synonym of [[nine]]"
        }
    ],
    "90": [
        {
            "start": "/c/en/90",
            "end": "/c/en/ninety",
            "rel": "HasProperty",
            "weight": 1.0,
            "surface_text": "[[90]] is [[ninety]]"
        },
        {
            "start": "/c/en/90/a/wn",
            "end": "/c/en/cardinal/a/wn",
            "rel": "SimilarTo",
            "weight": 2.0,
            "surface_text": "[[90]] is similar to [[cardinal]]"
        },
        {
            "start": "/c/en/90/n/wn/quantity",
            "end": "/c/en/ninety/n/wn/quantity",
            "rel": "Synonym",
            "weight": 2.0,
            "surface_text": "[[90]] is a synonym of [[ninety]]"
        }
    ],
    "900_turbo": [
        {
            "start": "/c/en/900_turbo/n",
            "end": "/c/en/saab/n",
            "rel": "IsA",
            "weight": 1.0,
            "surface_text": ""
        }
    ],
    "90_troop_strength": [
        {
            "start": "/c/en/90_troop_strength/n",
            "end": "/c/en/deployable_military_unit/n",
            "rel": "IsA",
            "weight": 1.0,
            "surface_text": ""
        }
    ],
    "90mm_mistral_missile_launcher": [
        {
            "start": "/c/en/90mm_mistral_missile_launcher/n",
            "end": "/c/en/artifact/n",
            "rel": "IsA",
            "weight": 1.0,
            "surface_text": ""
        },
        {
            "start": "/c/en/90mm_mistral_missile_launcher/n",
            "end": "/c/en/missile_launcher/n",
            "rel": "IsA",
            "weight": 1.0,
            "surface_text": ""
        },
        {
            "start": "/c/en/90mm_mistral_missile_launcher/n",
            "end": "/c/en/tangible_thing/n",
            "rel": "IsA",
            "weight": 1.0,
            "surface_text": ""
        }
    ],
    "914": [
        {
            "start": "/c/en/914/n",
            "end": "/c/en/porsche/n",
            "rel": "IsA",
            "weight": 1.0,
            "surface_text": ""
        }
    ],
    "924": [
        {
            "start": "/c/en/924/n",
            "end": "/c/en/porsche/n",
            "rel": "IsA",
            "weight": 1.0,
            "surface_text": ""
        }
    ],
    "930": [
        {
            "start": "/c/en/930/n",
            "end": "/c/en/porsche/n",
            "rel": "IsA",
            "weight": 1.0,
            "surface_text": ""
        }
    ],
    "940_series": [
        {
            "start": "/c/en/940_series/n",
            "end": "/c/en/volvo/n",
            "rel": "IsA",
            "weight": 1.0,
            "surface_text": ""
        }
    ],
    "94ul": [
        {
            "start": "/c/en/94ul",
            "end": "/c/en/avgas/n",
            "rel": "IsA",
            "weight": 1.0,
            "surface_text": ""
        }
    ],
    "95": [
        {
            "start": "/c/en/95",
            "end": "/c/en/national_highway",
            "rel": "IsA",
            "weight": 1.0,
            "surface_text": "[[I-95]] is [[a national highway]]"
        },
        {
            "start": "/c/en/95/a/wn",
            "end": "/c/en/cardinal/a/wn",
            "rel": "SimilarTo",
            "weight": 2.0,
            "surface_text": "[[95]] is similar to [[cardinal]]"
        }
    ],
    "968_series": [
        {
            "start": "/c/en/968_series/n",
            "end": "/c/en/porsche/n",
            "rel": "IsA",
            "weight": 1.0,
            "surface_text": ""
        }
    ],
    "9_a.m": [
        {
            "start": "/c/en/9_a.m/n",
            "end": "/c/en/calendar_hour/n",
            "rel": "IsA",
            "weight": 1.0,
            "surface_text": ""
        }
    ],
    "9_p.m": [
        {
            "start": "/c/en/9_p.m/n",
            "end": "/c/en/calendar_hour/n",
            "rel": "IsA",
            "weight": 1.0,
            "surface_text": ""
        }
    ],
    "9f_catheter": [
        {
            "start": "/c/en/9f_catheter/n",
            "end": "/c/en/catheter/n",
            "rel": "IsA",
            "weight": 1.0,
            "surface_text": ""
        }
    ],
    "9mm_pistol": [
        {
            "start": "/c/en/9mm_pistol/n",
            "end": "/c/en/handgun/n",
            "rel": "IsA",
            "weight": 1.0,
            "surface_text": ""
        }
    ],
    "9p111_atgm_launch": [
        {
            "start": "/c/en/9p111_atgm_launch/n",
            "end": "/c/en/atgm_launcher/n",
            "rel": "IsA",
            "weight": 1.0,
            "surface_text": ""
        }
    ],
    "9p135m2_atgm_launch": [
        {
            "start": "/c/en/9p135m2_atgm_launch/n",
            "end": "/c/en/atgm_launcher/n",
            "rel": "IsA",
            "weight": 1.0,
            "surface_text": ""
        }
    ],
    "90_of_housework": [
        {
            "start": "/c/en/90_of_housework",
            "end": "/c/en/done_alone",
            "rel": "ReceivesAction",
            "weight": 1.0,
            "surface_text": "[[90% of housework]] is [[done alone]]"
        }
    ],
    "90_per_cent_of_new_sinkholes": [
        {
            "start": "/c/en/90_per_cent_of_new_sinkholes",
            "end": "/c/en/caused_by_human_activity",
            "rel": "ReceivesAction",
            "weight": 1.0,
            "surface_text": "[[90 per cent of new sinkholes]] are [[caused by human activity]]"
        }
    ],
    "90th": [
        {
            "start": "/c/en/90th/a/wn",
            "end": "/c/en/ordinal/a/wn",
            "rel": "SimilarTo",
            "weight": 2.0,
            "surface_text": "[[90th]] is similar to [[ordinal]]"
        }
    ],
    "91": [
        {
            "start": "/c/en/91/a/wn",
            "end": "/c/en/cardinal/a/wn",
            "rel": "SimilarTo",
            "weight": 2.0,
            "surface_text": "[[91]] is similar to [[cardinal]]"
        }
    ],
    "92": [
        {
            "start": "/c/en/92/a/wn",
            "end": "/c/en/cardinal/a/wn",
            "rel": "SimilarTo",
            "weight": 2.0,
            "surface_text": "[[92]] is similar to [[cardinal]]"
        }
    ],
    "93": [
        {
            "start": "/c/en/93/a/wn",
            "end": "/c/en/cardinal/a/wn",
            "rel": "SimilarTo",
            "weight": 2.0,
            "surface_text": "[[93]] is similar to [[cardinal]]"
        }
    ],
    "94": [
        {
            "start": "/c/en/94/a/wn",
            "end": "/c/en/cardinal/a/wn",
            "rel": "SimilarTo",
            "weight": 2.0,
            "surface_text": "[[94]] is similar to [[cardinal]]"
        }
    ],
    "95th": [
        {
            "start": "/c/en/95th/a/wn",
            "end": "/c/en/ordinal/a/wn",
            "rel": "SimilarTo",
            "weight": 2.0,
            "surface_text": "[[95th]] is similar to [[ordinal]]"
        }
    ],
    "96": [
        {
            "start": "/c/en/96/a/wn",
            "end": "/c/en/cardinal/a/wn",
            "rel": "SimilarTo",
            "weight": 2.0,
            "surface_text": "[[96]] is similar to [[cardinal]]"
        }
    ],
    "97": [
        {
            "start": "/c/en/97/a/wn",
            "end": "/c/en/cardinal/a/wn",
            "rel": "SimilarTo",
            "weight": 2.0,
            "surface_text": "[[97]] is similar to [[cardinal]]"
        }
    ],
    "98": [
        {
            "start": "/c/en/98/a/wn",
            "end": "/c/en/cardinal/a/wn",
            "rel": "SimilarTo",
            "weight": 2.0,
            "surface_text": "[[98]] is similar to [[cardinal]]"
        }
    ],
    "9_membered": [
        {
            "start": "/c/en/9_membered/a/wn",
            "end": "/c/en/membered/a/wn/chemistry",
            "rel": "SimilarTo",
            "weight": 2.0,
            "surface_text": "[[9-membered]] is similar to [[membered]]"
        }
    ],
    "9th": [
        {
            "start": "/c/en/9th/a/wn",
            "end": "/c/en/ordinal/a/wn",
            "rel": "SimilarTo",
            "weight": 2.0,
            "surface_text": "[[9th]] is similar to [[ordinal]]"
        }
    ],
    "90s": [
        {
            "start": "/c/en/90s/n",
            "end": "/c/en/1990s",
            "rel": "Synonym",
            "weight": 1.0,
            "surface_text": ""
        }
    ],
    "99_percent": [
        {
            "start": "/c/en/99_percent/r",
            "end": "/c/en/99.9_percent",
            "rel": "Synonym",
            "weight": 1.0,
            "surface_text": ""
        }
    ],
    "9_to_5": [
        {
            "start": "/c/en/9_to_5/n",
            "end": "/c/en/9_to_5_job",
            "rel": "Synonym",
            "weight": 1.0,
            "surface_text": ""
        }
    ]
}